program_code,program_name_thai,degree_granted_thai,faculty_thai,degree_level_thai
121001,วิศวกรรมนาโน (หลักสูตรนานาชาติ),วิศวกรรมศาสตรบัณฑิต ( วศ.บ. ),คณะวิศวกรรมศาสตร์,ปริญญาบัณฑิต
121002,วิศวกรรมการออกแบบและการผลิตยานยนต์ (หลักสูตรนานาชาติ),วิศวกรรมศาสตรบัณฑิต ( วศ.บ. ),คณะวิศวกรรมศาสตร์,ปริญญาบัณฑิต
121003,วิศวกรรมอากาศยาน(หลักสูตรนานาชาติ),วิศวกรรมศาสตรบัณฑิต ( วศ.บ. ),คณะวิศวกรรมศาสตร์,ปริญญาบัณฑิต
121004,วิศวกรรมสารสนเทศและการสื่อสาร(นานาชาติ),วิศวกรรมศาสตรบัณฑิต ( วศ.บ. ),คณะวิศวกรรมศาสตร์,ปริญญาบัณฑิต
121010,วิศวกรรมโยธา,วิศวกรรมศาสตรบัณฑิต ( วศ.บ. ),คณะวิศวกรรมศาสตร์,ปริญญาบัณฑิต
121020,วิศวกรรมไฟฟ้า,วิศวกรรมศาสตรบัณฑิต ( วศ.บ. ),คณะวิศวกรรมศาสตร์,ปริญญาบัณฑิต
121030,วิศวกรรมเครื่องกล,วิศวกรรมศาสตรบัณฑิต ( วศ.บ. ),คณะวิศวกรรมศาสตร์,ปริญญาบัณฑิต
121032,วิศวกรรมยานยนต์,วิศวกรรมศาสตรบัณฑิต ( วศ.บ. ),คณะวิศวกรรมศาสตร์,ปริญญาบัณฑิต
121033,วิศวกรรมเรือ,วิศวกรรมศาสตรบัณฑิต ( วศ.บ. ),คณะวิศวกรรมศาสตร์,ปริญญาบัณฑิต
121040,วิศวกรรมอุตสาหการ,วิศวกรรมศาสตรบัณฑิต ( วศ.บ. ),คณะวิศวกรรมศาสตร์,ปริญญาบัณฑิต
121050,วิศวกรรมเคมี,วิศวกรรมศาสตรบัณฑิต ( วศ.บ. ),คณะวิศวกรรมศาสตร์,ปริญญาบัณฑิต
121061,วิศวกรรมทรัพยากรธรณี,วิศวกรรมศาสตรบัณฑิต ( วศ.บ. ),คณะวิศวกรรมศาสตร์,ปริญญาบัณฑิต
121062,วิศวกรรมปิโตรเลียม,วิศวกรรมศาสตรบัณฑิต ( วศ.บ. ),คณะวิศวกรรมศาสตร์,ปริญญาบัณฑิต
121070,วิศวกรรมสิ่งแวดล้อม,วิศวกรรมศาสตรบัณฑิต ( วศ.บ. ),คณะวิศวกรรมศาสตร์,ปริญญาบัณฑิต
121080,วิศวกรรมสำรวจ,วิศวกรรมศาสตรบัณฑิต ( วศ.บ. ),คณะวิศวกรรมศาสตร์,ปริญญาบัณฑิต
121090,วิศวกรรมโลหการและวัสดุ,วิศวกรรมศาสตรบัณฑิต ( วศ.บ. ),คณะวิศวกรรมศาสตร์,ปริญญาบัณฑิต
121100,วิศวกรรมคอมพิวเตอร์,วิศวกรรมศาสตรบัณฑิต ( วศ.บ. ),คณะวิศวกรรมศาสตร์,ปริญญาบัณฑิต
122001,ภาษาและวัฒนธรรม,อักษรศาสตรบัณฑิต ( อ.บ. ),คณะอักษรศาสตร์,ปริญญาบัณฑิต
122010,ภาษาไทย,อักษรศาสตรบัณฑิต ( อ.บ. ),คณะอักษรศาสตร์,ปริญญาบัณฑิต
122020,ภาษาอังกฤษ,อักษรศาสตรบัณฑิต ( อ.บ. ),คณะอักษรศาสตร์,ปริญญาบัณฑิต
122040,ประวัติศาสตร์,อักษรศาสตรบัณฑิต ( อ.บ. ),คณะอักษรศาสตร์,ปริญญาบัณฑิต
122050,ภูมิศาสตร์,อักษรศาสตรบัณฑิต ( อ.บ. ),คณะอักษรศาสตร์,ปริญญาบัณฑิต
122062,สารนิเทศศึกษา,อักษรศาสตรบัณฑิต ( อ.บ. ),คณะอักษรศาสตร์,ปริญญาบัณฑิต
122070,ปรัชญา,อักษรศาสตรบัณฑิต ( อ.บ. ),คณะอักษรศาสตร์,ปริญญาบัณฑิต
122080,ศิลปการละคร,อักษรศาสตรบัณฑิต ( อ.บ. ),คณะอักษรศาสตร์,ปริญญาบัณฑิต
122210,ภาษาบาลีสันสกฤต,อักษรศาสตรบัณฑิต ( อ.บ. ),คณะอักษรศาสตร์,ปริญญาบัณฑิต
122220,ภาษาจีน,อักษรศาสตรบัณฑิต ( อ.บ. ),คณะอักษรศาสตร์,ปริญญาบัณฑิต
122230,ภาษาญี่ปุ่น,อักษรศาสตรบัณฑิต ( อ.บ. ),คณะอักษรศาสตร์,ปริญญาบัณฑิต
122310,ภาษาฝรั่งเศส,อักษรศาสตรบัณฑิต ( อ.บ. ),คณะอักษรศาสตร์,ปริญญาบัณฑิต
122320,ภาษาเยอรมัน,อักษรศาสตรบัณฑิต ( อ.บ. ),คณะอักษรศาสตร์,ปริญญาบัณฑิต
122330,ภาษาสเปน,อักษรศาสตรบัณฑิต ( อ.บ. ),คณะอักษรศาสตร์,ปริญญาบัณฑิต
122340,ภาษาอิตาเลียน,อักษรศาสตรบัณฑิต ( อ.บ. ),คณะอักษรศาสตร์,ปริญญาบัณฑิต
123010,คณิตศาสตร์,วิทยาศาสตรบัณฑิต ( วท.บ. ),คณะวิทยาศาสตร์,ปริญญาบัณฑิต
123011,วิทยาการคอมพิวเตอร์,วิทยาศาสตรบัณฑิต ( วท.บ. ),คณะวิทยาศาสตร์,ปริญญาบัณฑิต
123020,เคมี,วิทยาศาสตรบัณฑิต ( วท.บ. ),คณะวิทยาศาสตร์,ปริญญาบัณฑิต
123022,เคมีประยุกต์ (หลักสูตรนานาชาติ),วิทยาศาสตรบัณฑิต ( วท.บ. ),คณะวิทยาศาสตร์,ปริญญาบัณฑิต
123030,ชีววิทยา,วิทยาศาสตรบัณฑิต ( วท.บ. ),คณะวิทยาศาสตร์,ปริญญาบัณฑิต
123031,สัตววิทยา,วิทยาศาสตรบัณฑิต ( วท.บ. ),คณะวิทยาศาสตร์,ปริญญาบัณฑิต
123040,ฟิสิกส์,วิทยาศาสตรบัณฑิต ( วท.บ. ),คณะวิทยาศาสตร์,ปริญญาบัณฑิต
123050,พฤกษศาสตร์,วิทยาศาสตรบัณฑิต ( วท.บ. ),คณะวิทยาศาสตร์,ปริญญาบัณฑิต
123051,พันธุศาสตร์,วิทยาศาสตรบัณฑิต ( วท.บ. ),คณะวิทยาศาสตร์,ปริญญาบัณฑิต
123061,เคมีวิศวกรรม,วิทยาศาสตรบัณฑิต ( วท.บ. ),คณะวิทยาศาสตร์,ปริญญาบัณฑิต
123070,ธรณีวิทยา,วิทยาศาสตรบัณฑิต ( วท.บ. ),คณะวิทยาศาสตร์,ปริญญาบัณฑิต
123080,วิทยาศาสตร์ทั่วไป,วิทยาศาสตรบัณฑิต ( วท.บ. ),คณะวิทยาศาสตร์,ปริญญาบัณฑิต
123082,วิทยาศาสตร์สิ่งแวดล้อม,วิทยาศาสตรบัณฑิต ( วท.บ. ),คณะวิทยาศาสตร์,ปริญญาบัณฑิต
123090,วิทยาศาสตร์ทางทะเล,วิทยาศาสตรบัณฑิต ( วท.บ. ),คณะวิทยาศาสตร์,ปริญญาบัณฑิต
123100,ชีวเคมี,วิทยาศาสตรบัณฑิต ( วท.บ. ),คณะวิทยาศาสตร์,ปริญญาบัณฑิต
123110,วัสดุศาสตร์,วิทยาศาสตรบัณฑิต ( วท.บ. ),คณะวิทยาศาสตร์,ปริญญาบัณฑิต
123120,จุลชีววิทยา,วิทยาศาสตรบัณฑิต ( วท.บ. ),คณะวิทยาศาสตร์,ปริญญาบัณฑิต
123130,เทคโนโลยีทางภาพและการพิมพ์,วิทยาศาสตรบัณฑิต ( วท.บ. ),คณะวิทยาศาสตร์,ปริญญาบัณฑิต
123140,เทคโนโลยีทางอาหาร,วิทยาศาสตรบัณฑิต ( วท.บ. ),คณะวิทยาศาสตร์,ปริญญาบัณฑิต
124010,การปกครอง,รัฐศาสตรบัญฑิต ( ร.บ. ),คณะรัฐศาสตร์,ปริญญาบัณฑิต
124020,ความสัมพันธ์ระหว่างประเทศ,รัฐศาสตรบัณฑิต ( ร.บ. ),คณะรัฐศาสตร์,ปริญญาบัณฑิต
124030,สังคมวิทยาและมานุษยวิทยา,รัฐศาสตรบัณฑิต ( ร.บ. ),คณะรัฐศาสตร์,ปริญญาบัณฑิต
124040,รัฐประศาสนศาสตร์,รัฐศาสตรบัณฑิต ( ร.บ. ),คณะรัฐศาสตร์,ปริญญาบัณฑิต
125001,การออกแบบสถาปัตยกรรม (หลักสูตรนานาชาติ),วิทยาศาสตรบัณฑิต ( วท. บ. ),คณะสถาปัตยกรรมศาสตร์,ปริญญาบัณฑิต
125010,สถาปัตยกรรม,สถาปัตยกรรมศาสตรบัณฑิต ( สถ.บ. ),คณะสถาปัตยกรรมศาสตร์,ปริญญาบัณฑิต
125013,สถาปัตยกรรมไทย,สถาปัตยกรรมศาสตรบัณฑิต ( สถ.บ. ),คณะสถาปัตยกรรมศาสตร์,ปริญญาบัณฑิต
125020,การออกแบบอุตสาหกรรม,การออกแบบอุตสาหกรรมบัณฑิต ( ออ.บ. ),คณะสถาปัตยกรรมศาสตร์,ปริญญาบัณฑิต
125022,การออกแบบนิเทศศิลป์ (หลักสูตรนานาชาติ),ศิลปศาสตรบัณฑิต ( ศศ.บ. ),คณะสถาปัตยกรรมศาสตร์,ปริญญาบัณฑิต
125031,สถาปัตยกรรมผังเมือง,การวางผังเมืองบัณฑิต ( ผ.บ. ),คณะสถาปัตยกรรมศาสตร์,ปริญญาบัณฑิต
125040,ภูมิสถาปัตยกรรม,ภูมิสถาปัตยกรรมศาสตรบัณฑิต ( ภ.สถ.บ. ),คณะสถาปัตยกรรมศาสตร์,ปริญญาบัณฑิต
125050,สถาปัตยกรรมภายใน,สถาปัตยกรรมศาสตรบัณฑิต ( สถ.บ. ),คณะสถาปัตยกรรมศาสตร์,ปริญญาบัณฑิต
126010,บัญชีบัณฑิต,บัญชีบัณฑิต ( บช.บ. ),คณะพาณิชยศาสตร์และการบัญชี,ปริญญาบัณฑิต
126022,การจัดการเพื่อเป็นผู้ประกอบการธุรกิจ,บริหารธุรกิจบัณฑิต ( บธ.บ. ),คณะพาณิชยศาสตร์และการบัญชี,ปริญญาบัณฑิต
126023,ระบบสารสนเทศทางการจัดการ,บริหารธุรกิจบัณฑิต ( บธ.บ. ),คณะพาณิชยศาสตร์และการบัญชี,ปริญญาบัณฑิต
126024,การธนาคารและการเงิน,บริหารธุรกิจบัณฑิต ( บธ.บ. ),คณะพาณิชยศาสตร์และการบัญชี,ปริญญาบัณฑิต
126025,การตลาด,บริหารธุรกิจบัณฑิต ( บธ.บ. ),คณะพาณิชยศาสตร์และการบัญชี,ปริญญาบัณฑิต
126026,การจัดการธุรกิจระหว่างประเทศ (หลักสูตรนานาชาติ),บริหารธุรกิจบัณฑิต ( บธ.บ ),คณะพาณิชยศาสตร์และการบัญชี,ปริญญาบัณฑิต
126027,การบัญชี (หลักสูตรนานาชาติ),บริหารธุรกิจบัณฑิต ( บธ.บ. ),คณะพาณิชยศาสตร์และการบัญชี,ปริญญาบัณฑิต
126028,การจัดการโลจิสติกส์ระหว่างประเทศ,บริหารธุรกิจบัณฑิต ( บธ.บ. ),คณะพาณิชยศาสตร์และการบัญชี,ปริญญาบัณฑิต
126032,สถิติคณิตศาสตร์,สถิติศาสตรบัณฑิต ( สต.บ. ),คณะพาณิชยศาสตร์และการบัญชี,ปริญญาบัณฑิต
126033,สถิติประยุกต์,สถิติศาสตรบัณฑิต ( สต.บ. ),คณะพาณิชยศาสตร์และการบัญชี,ปริญญาบัณฑิต
126034,เทคโนโลยีสารสนเทศเพื่อธุรกิจ,สถิติศาสตรบัณฑิต ( สต.บ. ),คณะพาณิชยศาสตร์และการบัญชี,ปริญญาบัณฑิต
126035,ประกันภัย,สถิติศาสตรบัณฑิต ( สต.บ. ),คณะพาณิชยศาสตร์และการบัญชี,ปริญญาบัณฑิต
127151,ประถมศึกษา,ครุศาสตรบัณฑิต ( ค.บ. ),คณะครุศาสตร์,ปริญญาบัณฑิต
127152,การศึกษาปฐมวัย,ครุศาสตรบัณฑิต ( ค.บ. ),คณะครุศาสตร์,ปริญญาบัณฑิต
127153,สุขศึกษาและพลศึกษา,ครุศาสตรบัณฑิต ( ค.บ. ),คณะครุศาสตร์,ปริญญาบัณฑิต
127154,เทคโนโลยีการศึกษา,ครุศาสตรบัณฑิต ( ค.บ. ),คณะครุศาสตร์,ปริญญาบัณฑิต
127351,ศิลปศึกษา,ครุศาสตรบัณฑิต ( ค.บ. ),คณะครุศาสตร์,ปริญญาบัณฑิต
127352,ดนตรีศึกษา,ครุศาสตรบัณฑิต ( ค.บ. ),คณะครุศาสตร์,ปริญญาบัณฑิต
127451,การศึกษานอกระบบโรงเรียน,ครุศาสตรบัณฑิต ( ค.บ. ),คณะครุศาสตร์,ปริญญาบัณฑิต
127452,ธุรกิจศึกษา,ครุศาสตรบัณฑิต ( ค.บ. ),คณะครุศาสตร์,ปริญญาบัณฑิต
127551,จิตวิทยาการปรึกษา  การแนะแนวและการศึกษาพิเศษ,ครุศาสตรบัณฑิต ( ค.บ. ),คณะครุศาสตร์,ปริญญาบัณฑิต
128010,วารสารสนเทศ,นิเทศศาสตรบัณฑิต ( นศ.บ. ),คณะนิเทศศาสตร์,ปริญญาบัณฑิต
128021,การกระจายเสียง,นิเทศศาสตรบัณฑิต ( นศ.บ. ),คณะนิเทศศาสตร์,ปริญญาบัณฑิต
128030,การประชาสัมพันธ์,นิเทศศาสตร์บัณฑิต ( นศ.บ. ),คณะนิเทศศาสตร์,ปริญญาบัณฑิต
128032,การโฆษณา,นิเทศศาสตรบัณฑิต ( นศ.บ. ),คณะนิเทศศาสตร์,ปริญญาบัณฑิต
128041,วาทวิทยา,นิเทศศาสตรบัณฑิต ( นศ.บ. ),คณะนิเทศศาสตร์,ปริญญาบัณฑิต
128042,สื่อสารการแสดง,นิเทศศาสตรบัณฑิต ( นศ.บ. ),คณะนิเทศศาสตร์,ปริญญาบัณฑิต
128050,การภาพยนตร์และภาพนิ่ง,นิเทศศาสตรบัณฑิต ( นศ.บ. ),คณะนิเทศศาสตร์,ปริญญาบัณฑิต
129401,เศรษฐศาสตรบัณฑิต,หลักสูตรเศรษฐศาสตรบัณฑิต ( ศ.บ. ),คณะเศรษฐศาสตร์,ปริญญาบัณฑิต
129520,เศรษฐศาสตร์ (หลักสูตรนานาชาติ),เศรษฐศาสตรบัณฑิต ( ศศ.บ. ),คณะเศรษฐศาสตร์,ปริญญาบัณฑิต
130001,แพทยศาสตร์,แพทยศาสตรบัณฑิต ( พ.บ. ),คณะแพทยศาสตร์,ปริญญาบัณฑิต
131001,สัตวแพทยศาสตร์,สัตวแพทยศาสตรบัณฑิต ( สพ.บ ),คณะสัตวแพทยศาสตร์,ปริญญาบัณฑิต
132000,ทันตแพทยศาสตรบัณฑิต,ทันตแพทยศาสตรบัณฑิต ( ท.บ. ),คณะทันตแพทยศาสตร์,ปริญญาบัณฑิต
133000,เภสัชกรรมอุตสาหการ,เภสัชศาสตรบัณฑิต ( ภ.บ. ),คณะเภสัชศาสตร์,ปริญญาบัณฑิต
133001,การบริบาลทางเภสัชกรรม,เภสัชบริบาลศาสตรบัณฑิต ( ภบ.บ. ),คณะเภสัชศาสตร์,ปริญญาบัณฑิต
134000,นิติศาสตรบัณฑิต,นิติศาสตรบัณฑิต ( น.บ. ),คณะนิติศาสตร์,ปริญญาบัณฑิต
135010,ทัศนศิลป์,ศิลปกรรมศาสตรบัณฑิต ( ศป.บ. ),คณะศิลปกรรมศาสตร์,ปริญญาบัณฑิต
135020,นฤมิตศิลป์,ศิลปกรรมศาสตรบัณฑิต ( ศป.บ. ),คณะศิลปกรรมศาสตร์,ปริญญาบัณฑิต
135030,ดุริยางคศิลป์,ศิลปกรรมศาสตรบัณฑิต ( ศป.บ. ),คณะศิลปกรรมศาสตร์,ปริญญาบัณฑิต
135040,นาฏยศิลป์,ศิลปกรรมศาสตรบัณฑิต ( ศป.บ. ),คณะศิลปกรรมศาสตร์,ปริญญาบัณฑิต
137001,เทคนิคการแพทย์,วิทยาศาสตรบัณฑิต ( วท.บ. (เทคนิคการแพทย์) ),คณะสหเวชศาสตร์,ปริญญาบัณฑิต
137030,โภชนาการและการกำหนดอาหาร,วิทยาศาสตรบัณฑิต ( วท.บ. ),คณะสหเวชศาสตร์,ปริญญาบัณฑิต
137040,กายภาพบำบัด,วิทยาศาสตรบัณฑิต ( วท.บ. (กายภาพบำบัด) ),คณะสหเวชศาสตร์,ปริญญาบัณฑิต
137050,รังสีเทคนิค,วิทยาศาสตรบัณฑิต ( วท.บ. ),คณะสหเวชศาสตร์,ปริญญาบัณฑิต
138000,จิตวิทยา,วิทยาศาสตรบัณฑิต ( วท.บ. ),คณะจิตวิทยา,ปริญญาบัณฑิต
138001,วิทยาศาสตร์จิตวิทยา (หลักสูตรนานาชาติ),วิทยาศาสตรบัณฑิต ( วท.บ. ),คณะจิตวิทยา,ปริญญาบัณฑิต
139001,วิทยาศาสตร์การกีฬาและการออกกำลังกาย,วิทยาศาสตรบัณฑิต ( วท.บ. ),คณะวิทยาศาสตร์การกีฬา,ปริญญาบัณฑิต
140001,การบริหารจัดการทรัพยากรการเกษตร,ศิลปศาสตรบัณฑิต ( ศศ.บ. ),,ปริญญาบัณฑิต
169400,การพัฒนาซอฟแวร์,วิทยาศาสตรบัณฑิต ( วท.บ. ),,ปริญญาบัณฑิต
220180,ธุรกิจแฟชั่น,ประกาศนียบัตรบัณฑิต ( ป.บัณฑิต ),บัณฑิตวิทยาลัย,ประกาศนียบัตรบัณฑิต
221110,นิวเคลียร์เทคโนโลยี,ประกาศนียบัตรบัณฑิตสาขาวิชานิวเคลียร์เทคโนโลยี ( ป.บัณฑิตนิวเคลียร์เทคโนโลยี ),คณะวิศวกรรมศาสตร์,ประกาศนียบัตรบัณฑิต
222080,ศิลปการละคร,ประกาศนียบัตรบัณฑิตสาขาวิชาศิลปการละคร ( ป.บัณฑิตศิลปการละคร ),คณะอักษรศาสตร์,ประกาศนียบัตรบัณฑิต
222411,การล่าม,ประกาศนียบัตรบัณฑิต ( ป. บัณฑิต ),คณะอักษรศาสตร์,ประกาศนียบัตรบัณฑิต
223131,เทคโนโลยีทางการพิมพ์,ประกาศนียบัตรบัณฑิต ( ป.บัณฑิต ),คณะวิทยาศาสตร์,ประกาศนียบัตรบัณฑิต
226010,การสอบบัญชี,ประกาศนียบัตรบัณฑิต สาขาวิชาการสอบบัญชี ( ป.บัณฑิต (การสอบบัญชี) ),คณะพาณิชยศาสตร์และการบัญชี,ประกาศนียบัตรบัณฑิต
230071,สุขภาพจิต,ประกาศนียบัตรบัณฑิต ( ป.บัณฑิต ),คณะแพทยศาสตร์,ประกาศนียบัตรบัณฑิต
231001,วิทยาศาสตร์การสัตวแพทย์คลินิก,ประกาศนียบัตรบัณฑิต ( ป.บัณฑิตทางวิทยาศาสตร์การสัตวแพทย์ ),คณะสัตวแพทยศาสตร์,ประกาศนียบัตรบัณฑิต
232071,ทันตกรรมประดิษฐ์,ประกาศนียบตัรบัณฑิตทางวิทยาศาสตร์การแพทย์คลินิก ( ป.บัณฑิตทางวิทยาศาสตร์การแพทย์คลินิก ),คณะทันตแพทยศาสตร์,ประกาศนียบัตรบัณฑิต
232083,ทันตกรรมหัตถการ,ประกาศนียบัตรบัณฑิตทางวิทยาศาสตร์การแพทย์คลินิก ( ป. บัณฑิตทางวิทยาศาสตร์การแพทย์คลินิก ),คณะทันตแพทยศาสตร์,ประกาศนียบัตรบัณฑิต
232084,วิทยาเอ็นโดดอนต์,ประกาศนียบัตรบัณฑิตทางวิทยาศาสตร์การแพทย์คลินิก ( ป. บัณฑิตทางวิทยาศาสตร์การแพทย์คลินิก ),คณะทันตแพทยศาสตร์,ประกาศนียบัตรบัณฑิต
232102,ศัลยศาสตร์ช่องปากและแม็กซิลโลเฟเชียล,ประกาศนียบัตรบัณฑิตทางวิทยาศาสตร์การแพทย์คลินิก	 ( ป.บัณฑิตทางวิทยาศาสตร์การแพทย์คลินิก	 ),คณะทันตแพทยศาสตร์,ประกาศนียบัตรบัณฑิต
232111,วิทยาการวินิจฉัยโรคช่องปาก,ประกาศนียบัตรบัณฑิตทางวิทยาศาสตร์การแพทย์คลินิก ( ป.บัณฑิตทางวิทยาศาสตร์การแพทย์คลินิก ),คณะทันตแพทยศาสตร์,ประกาศนียบัตรบัณฑิต
320020,การจัดการทางวิศวกรรม (หลักสูตรปรับปรุง พ.ศ. 2558),วิศวกรรมศาสตรมหาบัณฑิต ( วศ.ม. ),คณะวิศวกรรมศาสตร์,มหาบัณฑิต
320030,ยุโรปศึกษา (หลักสูตรนานาชาติ),ศิลปศาสตรมหาบัณฑิต ( ศศ.ม. ),บัณฑิตวิทยาลัย,มหาบัณฑิต
320041,วิทยาศาสตร์สิ่งแวดล้อม,วิทยาศาสตรมหาบัณฑิต ( วท.ม. ),บัณฑิตวิทยาลัย,มหาบัณฑิต
320050,จุลชีววิทยาทางการแพทย์,วิทยาศาสตรมหาบัณฑิต ( วท.ม. ),บัณฑิตวิทยาลัย,มหาบัณฑิต
320060,เภสัชวิทยา,วิทยาศาสตรมหาบัณฑิต ( วท.ม. ),บัณฑิตวิทยาลัย,มหาบัณฑิต
320070,สรีรวิทยา,วิทยาศาสตรมหาบัณฑิต ( วท.ม. ),บัณฑิตวิทยาลัย,มหาบัณฑิต
320080,การจัดการทางวัฒนธรรม (หลักสูตรนานาชาติ),ศิลปศาสตรมหาบัณฑิต ( ศศ.ม. ),บัณฑิตวิทยาลัย,มหาบัณฑิต
320082,การจัดการทางวัฒนธรรม,ศิลปศาสตรมหาบัณฑิต ( ศศ.ม. ),บัณฑิตวิทยาลัย,มหาบัณฑิต
320090,การจัดการสารอันตรายและสิ่งแวดล้อม (นานาชาติ),วิทยาศาสตรมหาบัณฑิต ( วท.ม. ),บัณฑิตวิทยาลัย,มหาบัณฑิต
320100,ภาษาอังกฤษเป็นภาษานานาชาติ (หลักสูตรนานาชาติ),ศิลปศาสตรมหาบัณฑิต ( ศศ.ม. ),บัณฑิตวิทยาลัย,มหาบัณฑิต
320120,เพศศาสตร์,วิทยาศาสตรมหาบัณฑิต ( วท.ม. ),บัณฑิตวิทยาลัย,มหาบัณฑิต
320130,การจัดการด้านโลจิสติกส์,วิทยาศาสตรมหาบัณฑิต ( วท.ม. ),บัณฑิตวิทยาลัย,มหาบัณฑิต
320150,เอเชียตะวันออกเฉียงใต้ศึกษา (หลักสูตรนานาชาติ),ศิลปศาสตรมหาบัณฑิต ( ศศ.ม. ),บัณฑิตวิทยาลัย,มหาบัณฑิต
320160,พัฒนามนุษย์และสังคม,ศิลปศาสตรมหาบัณฑิต ( ศศ.ม. ),บัณฑิตวิทยาลัย,มหาบัณฑิต
320170,ทันตชีววัสดุศาสตร์,วิทยาศาสตรมหาบัณฑิต ( วท.ม. ),บัณฑิตวิทยาลัย,มหาบัณฑิต
320190,วิจัยเพื่อการพัฒนาสุขภาพ (หลักสูตรนานาชาติ),วิทยาศาสตรมหาบัณฑิต ( วท.ม. ),บัณฑิตวิทยาลัย,มหาบัณฑิต
320221,ธุรกิจเทคโนโลยีและการจัดการนวัตกรรม,วิทยาศาสตรมหาบัณฑิต ( วท.ม. ),บัณฑิตวิทยาลัย,มหาบัณฑิต
320231,สิ่งแวดล้อม  การพัฒนา  และความยั่งยืน,ศิลปศาสตรมหาบัณฑิต ( ศศ.ม. ),บัณฑิตวิทยาลัย,มหาบัณฑิต
320241,เกาหลีศึกษา(นานาชาติ),ศิลปศาสตรมหาบัณฑิต ( ศศ.ม. ),บัณฑิตวิทยาลัย,มหาบัณฑิต
320250,การบริหารกิจการทางทะเล,วิทยาศาสตรมหาบัณฑิต ( วท.ม. ),บัณฑิตวิทยาลัย,มหาบัณฑิต
320260,เทคโนโลยีและการจัดการพลังงาน,วิทยาศาสตรมหาบัณฑิต ( วท.ม. ),บัณฑิตวิทยาลัย,มหาบัณฑิต
320271,รัสเซียศึกษา (หลักสูตรนานาชาติ),ศิลปศาสตรมหาบัณฑิต ( ศศ.ม. ),บัณฑิตวิทยาลัย,มหาบัณฑิต
321001,วิศวกรรมชีวเวช,วิทยาศาสตรมหาบัณฑิต ( วท.ม. ),คณะวิศวกรรมศาสตร์,มหาบัณฑิต
321002,วิศวกรรมชีวเวช,วิศวกรรมศาสตรมหาบัณฑิต ( วศ.ม. ),คณะวิศวกรรมศาสตร์,มหาบัณฑิต
321003,วิศวกรรมและเทคโนโลยีการป้องกันประเทศ,วิศวกรรมศาสตรมหาบัณฑิต ( วศ.ม. ),คณะวิศวกรรมศาสตร์,มหาบัณฑิต
321010,วิศวกรรมโยธา (หลักสูตรปรับปรุง พ.ศ.2558),วิศวกรรมศาสตรมหาบัณฑิต ( วศ.ม. ),คณะวิศวกรรมศาสตร์,มหาบัณฑิต
321020,วิศวกรรมไฟฟ้า (หลักสูตรปรับปรุง พ.ศ. 2558),วิศวกรรมศาสตรมหาบัณฑิต ( วศ.ม. ),คณะวิศวกรรมศาสตร์,มหาบัณฑิต
321030,วิศวกรรมเครื่องกล,วิศวกรรมศาสตรมหาบัณฑิต ( วศ.ม. ),คณะวิศวกรรมศาสตร์,มหาบัณฑิต
321040,วิศวกรรมอุตสาหการ,วิศวกรรมศาสตรมหาบัณฑิต ( วศ.ม. ),คณะวิศวกรรมศาสตร์,มหาบัณฑิต
321052,วิศวกรรมเคมี,วิศวกรรมศาสตรมหาบัณฑิต ( วศ.ม. ),คณะวิศวกรรมศาสตร์,มหาบัณฑิต
321061,วิศวกรรมทรัพยากรธรณี,วิศวกรรมศาสตรมหาบัณฑิต ( วศ.ม. ),คณะวิศวกรรมศาสตร์,มหาบัณฑิต
321062,วิศวกรรมปิโตรเลียม(หลักสูตรนานาชาติ),วิศวกรรมศาสตรมหาบัณฑิต ( วศ.ม. ),คณะวิศวกรรมศาสตร์,มหาบัณฑิต
321064,วิศวกรรมทรัพยากรธรณีและปิโตรเลียม (หลักสูตรนานาชาติ),หลักสูตรวิศวกรรมศาสตรมหาบัณฑิต	 ( วศ.ม ),คณะวิศวกรรมศาสตร์,มหาบัณฑิต
321070,วิศวกรรมสิ่งแวดล้อม,วิศวกรรมศาสตรมหาบัณฑิต ( วศ.ม. ),คณะวิศวกรรมศาสตร์,มหาบัณฑิต
321080,วิศวกรรมสำรวจ,วิศวกรรมศาสตรมหาบัณฑิต ( วศ.ม. ),คณะวิศวกรรมศาสตร์,มหาบัณฑิต
321081,ระบบสารสนเทศปริภูมิทางวิศวกรรม,วิทยาศาสตรมหาบัณฑิต ( วท.ม. ),คณะวิศวกรรมศาสตร์,มหาบัณฑิต
321083,โครงสร้างพื้นฐานทางวิศวกรรมโยธา(หลักสูตรนานาชาติ),วิศวกรรมศาสตรมหาบัณฑิต ( วศ.ม. ),คณะวิศวกรรมศาสตร์,มหาบัณฑิต
321091,วิศวกรรมโลหการและวัสดุ (หลักสูตรปรับปรุง  พ.ศ. 2558),วิศวกรรมศาสตรมหาบัณฑิต ( วศ.ม. ),คณะวิศวกรรมศาสตร์,มหาบัณฑิต
321100,วิศวกรรมคอมพิวเตอร์ (หลักสูตรปรับปรุง  พ.ศ.2558),วิศวกรรมศาสตรมหาบัณฑิต ( วศ.ม. ),คณะวิศวกรรมศาสตร์,มหาบัณฑิต
321101,วิทยาศาสตร์คอมพิวเตอร์,วิทยาศาสตรบัณฑิต ( วท.ม. ),คณะวิศวกรรมศาสตร์,มหาบัณฑิต
321103,วิศวกรรมซอฟต์แวร์ (หลักสูตรปรับปรุง พ.ศ. 2558),วิทยาศาสตรมหาบัณฑิต ( วท.ม. ),คณะวิศวกรรมศาสตร์,มหาบัณฑิต
321111,นิวเคลียร์เทคโนโลยี,วิศวกรรมศาสตรมหาบัณฑิต (หลักสูตรปรับปรุง พ.ศ. 2558) ( วศ.ม. ),คณะวิศวกรรมศาสตร์,มหาบัณฑิต
321112,นิวเคลียร์เทคโนโลยี,วิทยาศาสตรมหาบัณฑิต ( วท.ม. ),คณะวิศวกรรมศาสตร์,มหาบัณฑิต
321120,วิศวกรรมแหล่งน้ำ,วิศวกรรมศาสตรมหาบัณฑิต ( วศ.ม. ),คณะวิศวกรรมศาสตร์,มหาบัณฑิต
322011,ภาษาไทย,อักษรศาสตรมหาบัณพิต ( อ.ม. ),คณะอักษรศาสตร์,มหาบัณฑิต
322012,ไทยศึกษา (หลักสูตรนานาชาติ),อักษรศาสตรมหาบัณฑิต ( อ.ม. ),คณะอักษรศาสตร์,มหาบัณฑิต
322020,ภาษาอังกฤษ,อักษรศาสตรมหาบัณฑิต ( อ.ม. ),คณะอักษรศาสตร์,มหาบัณฑิต
322040,ประวัติศาสตร์,อักษรศาสตรมหาบัณฑิต ( อ.ม. ),คณะอักษรศาสตร์,มหาบัณฑิต
322041,ประวัติศาสตร์ศึกษา,อักษรศาสตรมหาบัณฑิต ( อ.ม. ),คณะอักษรศาสตร์,มหาบัณฑิต
322050,ภูมิศาสตร์และภูมิสารสนเทศ,อักษรศาสตรมหาบัณฑิต ( อ.ม. ),คณะอักษรศาสตร์,มหาบัณฑิต
322060,บรรณารักษ์ศาสตร์และสารนิเทศศาสตร์,อักษรศาสตรมหาบัณฑิต ( อ.ม. ),คณะอักษรศาสตร์,มหาบัณฑิต
322070,ปรัชญา,อักษรศาสตรมหาบัณฑิต ( อ.ม. ),คณะอักษรศาสตร์,มหาบัณฑิต
322081,ศิลปการละคร,อักษรศาสตรมหาบัณฑิต ( อ.ม. ),คณะอักษรศาสตร์,มหาบัณฑิต
322090,ภาษาศาสตร์,อักษรศาสตรมหาบัณฑิต ( อ.ม. ),คณะอักษรศาสตร์,มหาบัณฑิต
322101,วรรณคดีเปรียบเทียบ,อักษรศาสตรมหาบัณฑิต ( อ.บ. ),คณะอักษรศาสตร์,มหาบัณฑิต
322206,ภาษาญี่ปุ่นเป็นภาษาต่างประเทศ,อักษรศาสตรมหาบัณฑิต ( อ.ม. ),คณะอักษรศาสตร์,มหาบัณฑิต
322210,ภาษาบาลี-สันสกฤต และพุทธศาสน์ศึกษา,อักษรศาสตรมหาบัณฑิต ( อ.ม. ),คณะอักษรศาสตร์,มหาบัณฑิต
322220,ภาษาจีน,อักษรศาสตรมหาบัณฑิต ( อ.ม. ),คณะอักษรศาสตร์,มหาบัณฑิต
322231,ภาษาญี่ปุ่น,อักษรศาสตรมหาบัณฑิต ( อ.ม. ),คณะอักษรศาสตร์,มหาบัณฑิต
322310,ภาษาและวรรณคดีฝรั่งเศส,อักษรศาสตรมหาบัณฑิต ( อ.ม. ),คณะอักษรศาสตร์,มหาบัณฑิต
322320,ภาษาเยอรมัน,อักษรศาสตรมหาบัณฑิต ( อ.ม. ),คณะอักษรศาสตร์,มหาบัณฑิต
322331,ภาษาสเปน,อักษรศาสตรมหาบัณฑิต ( อ.ม. ),คณะอักษรศาสตร์,มหาบัณฑิต
322410,การแปลและการล่าม,อักษรศาสตรมหาบัณฑิต ( อ.ม. ),คณะอักษรศาสตร์,มหาบัณฑิต
323011,คณิตศาสตร์,วิทยาศาสตรมหาบัณฑิต ( วท.ม. ),คณะวิทยาศาสตร์,มหาบัณฑิต
323012,คณิตศาสตร์ประยุกต์และวิทยาการคณนา,วิทยาศาสตรมหาบัณฑิต ( วท.ม. ),คณะวิทยาศาสตร์,มหาบัณฑิต
323013,วิทยาการคอมพิวเตอร์และเทคโนโลยีสารสนเทศ,วิทยาศาสตรมหาบัณฑิต ( วท.ม. ),คณะวิทยาศาสตร์,มหาบัณฑิต
323021,เคมี,วิทยาศาสตรมหาบัณฑิต ( วท.ม. ),คณะวิทยาศาสตร์,มหาบัณฑิต
323031,สัตววิทยา,วิทยาศาสตรมหาบัณฑิต ( วท.ม. ),คณะวิทยาศาสตร์,มหาบัณฑิต
323041,ฟิสิกส์,วิทยาศาสตรมหาบัณฑิต ( วท.ม. ),คณะวิทยาศาสตร์,มหาบัณฑิต
323051,พฤกษศาสตร์,วิทยาศาสตรมหาบัณฑิต ( วท.ม. ),คณะวิทยาศาสตร์,มหาบัณฑิต
323052,พันธุศาสตร์,วิทยาศาสตรมหาบัณฑิต ( วท.ม. ),คณะวิทยาศาสตร์,มหาบัณฑิต
323061,เคมีเทคนิค,วิทยาศาสตรมหาบัณฑิต ( วท.ม. ),คณะวิทยาศาสตร์,มหาบัณฑิต
323062,เทคโนโลยีเชื้อเพลิง,วิทยาศาสตรมหาบัณฑิต ( วท.ม. ),คณะวิทยาศาสตร์,มหาบัณฑิต
323071,ธรณีวิทยา,วิทยาศาสตรมหาบัณฑิต ( วท.ม. ),คณะวิทยาศาสตร์,มหาบัณฑิต
323072,โลกศาสตร์,วิทยาศาสตรมหาบัณฑิต ( วท.ม. ),คณะวิทยาศาสตร์,มหาบัณฑิต
323091,วิทยาศาสตร์ทางทะเล,วิทยาศาสตรมหาบัณฑิต ( วท.ม. ),คณะวิทยาศาสตร์,มหาบัณฑิต
323101,ชีวเคมีและชีววิทยาศาสตร์โมเลกุล,วิทยาศาสตรมหาบัณฑิต ( วท.ม. ),คณะวิทยาศาสตร์,มหาบัณฑิต
323111,เทคโนโลยีเซรามิก,วิทยาศาสตรมหาบัณฑิต ( วท.ม. ),คณะวิทยาศาสตร์,มหาบัณฑิต
323112,วิทยาศาสตร์พอลิเมอร์และเทคโนโลยีสิ่งทอ,วิทยาศาสตรมหาบัณฑิต ( วท.ม. ),คณะวิทยาศาสตร์,มหาบัณฑิต
323113,ปิโตรเคมีและวิทยาศาสตร์พอลิเมอร์ (หลักสูตรปรับปรุง พ.ศ. 2558),วิทยาศาสตรมหาบัณฑิต ( วท.ม. ),คณะวิทยาศาสตร์,มหาบัณฑิต
323121,จุลชีววิทยาและเทคโนโลยีจุลินทรีย์,วิทยาศาสตรมหาบัณฑิต ( วท.ม. ),คณะวิทยาศาสตร์,มหาบัณฑิต
323131,เทคโนโลยีทางภาพ,วิทยาศาสตรมหาบัณฑิต ( วท.ม. ),คณะวิทยาศาสตร์,มหาบัณฑิต
323132,เทคโนโลยีเยื่อและกระดาษ,วิทยาศาสตรมหาบัณฑิต ( วท.ม. ),คณะวิทยาศาสตร์,มหาบัณฑิต
323141,เทคโนโลยีทางอาหาร,วิทยาศาสตรมหาบัณฑิต ( วท.ม. ),คณะวิทยาศาสตร์,มหาบัณฑิต
323142,วิทยาศาสตร์และเทคโนโลยีทางอาหาร (หลักสูตรนานาชาติ),วิทยาศาสตรมหาบัณฑิต ( วท.ม. ),คณะวิทยาศาสตร์,มหาบัณฑิต
323410,เทคโนโลยีชีวภาพ,วิทยาศาสตรมหาบัณฑิต ( วท.ม. ),คณะวิทยาศาสตร์,มหาบัณฑิต
323461,มาตรวิทยา,วิทยาศาสตรมหาบัณฑิต ( วท.ม. ),คณะวิทยาศาสตร์,มหาบัณฑิต
323511,ธรณีศาสตร์ปิโตรเลียม,วิทยาศาสตรมหาบัณฑิต ( วท.ม. ),คณะวิทยาศาสตร์,มหาบัณฑิต
324010,การปกครอง,รัฐศาสตรมหาบัณฑิต ( ร.ม. ),คณะรัฐศาสตร์,มหาบัณฑิต
324012,การเมืองและการจัดการปกครอง,รัฐศาสตรมหาบัณฑิต ( ร.ม. ),คณะรัฐศาสตร์,มหาบัณฑิต
324021,ความสัมพันธ์ระหว่างประเทศ,รัฐศาสตรมหาบัณฑิต ( ร.ม. ),คณะรัฐศาสตร์,มหาบัณฑิต
324031,สังคมวิทยาและมานุษยวิทยา,หลักสูตรศิลปศาสตรมหาบัณฑิต ( ศศ.ม. ),คณะรัฐศาสตร์,มหาบัณฑิต
324032,สังคมวิทยา,รัฐศาสตรมหาบัณฑิต ( ร.ม. ),คณะรัฐศาสตร์,มหาบัณฑิต
324033,มานุษยวิทยา,มานุษยวิทยามหาบัณฑิต ( มน.ม. ),คณะรัฐศาสตร์,มหาบัณฑิต
324034,อาชญาวิทยาและงานยุติธรรม,ศิลปศาสตรมหาบัณฑิต ( M.A. ),คณะรัฐศาสตร์,มหาบัณฑิต
324040,รัฐประศาสนศาสตร์,รัฐประศาสนศาสตรมหาบัณฑิต ( รป.ม. ),คณะรัฐศาสตร์,มหาบัณฑิต
324401,การพัฒนาระหว่างประเทศ(หลักสูตรนานาชาติ),ศิลปศาสตรมหาบัณฑิต ( ศศ.ม. ),คณะรัฐศาสตร์,มหาบัณฑิต
324411,ธรรมาภิบาล (หลักสูตรนานาชาติ),รัฐศาสตรมหาบัณฑิต ( ร.ม. ),คณะรัฐศาสตร์,มหาบัณฑิต
325010,สถาปัตยกรรม,สถาปัตยกรรมศาสตรมหาบัณฑิต ( สถ.ม. ),คณะสถาปัตยกรรมศาสตร์,มหาบัณฑิต
325012,การออกแบบชุมชนเมือง,การวางแผนภาคและเมืองมหาบัณฑิต ( ผ .ม. ),คณะสถาปัตยกรรมศาสตร์,มหาบัณฑิต
325013,สถาปัตยกรรม,วิทยาศาสตรมหาบัณฑิต	 ( วท.ม. ),คณะสถาปัตยกรรมศาสตร์,มหาบัณฑิต
325014,การออกแบบสถาปัตยกรรม (หลักสูตรนานาชาติ),สถาปัตยกรรมศาสตรมหาบัณฑิต ( สถ.ม. ),คณะสถาปัตยกรรมศาสตร์,มหาบัณฑิต
325021,การออกแบบอุตสาหกรรม,การออกแบบอุตสาหกรรมมหาบัณฑิต ( ออ.ม. ),คณะสถาปัตยกรรมศาสตร์,มหาบัณฑิต
325030,การวางแผนภาคและเมือง,การวางแผนภาคและเมืองมหาบัณฑิต ( ผ.ม. ),คณะสถาปัตยกรรมศาสตร์,มหาบัณฑิต
325031,การวางผังชุมชน,การวางแผนภาคและเมืองมหาบัณฑิต ( ผ.ม. ),คณะสถาปัตยกรรมศาสตร์,มหาบัณฑิต
325040,ภูมิสถาปัตยกรรม,ภูมิสถาปัตยกรรมศาสตรมหาบัณฑิต ( ภ.สถ.ม. ),คณะสถาปัตยกรรมศาสตร์,มหาบัณฑิต
325060,เคหการ,เคหพัฒนศาสตรมหาบัณฑิต ( คพ.ม. ),คณะสถาปัตยกรรมศาสตร์,มหาบัณฑิต
326001,การกำกับดูแลกิจการ,วิทยาศาสตรมหาบัณฑิต ( วท.ม. ),คณะพาณิชยศาสตร์และการบัญชี,มหาบัณฑิต
326010,การบัญชี,บัญชีมหาบัณฑิต ( บช.ม. ),คณะพาณิชยศาสตร์และการบัญชี,มหาบัณฑิต
326011,การบัญชี,ศิลปศาสตรมหาบัณฑิต ( ศศ.ม. ),คณะพาณิชยศาสตร์และการบัญชี,มหาบัณฑิต
326020,บริหารธุรกิจ,บริหารธุรกิจมหาบัณฑิต ( บธ.ม. ),คณะพาณิชยศาสตร์และการบัญชี,มหาบัณฑิต
326021,การจัดการธุรกิจระหว่างประเทศ(นานาชาติ),การจัดการมหาบัณฑิต ( กจ.ม. ),คณะพาณิชยศาสตร์และการบัญชี,มหาบัณฑิต
326031,สถิติ,วิทยาศาสตรมหาบัณฑิต ( วท.ม. ),คณะพาณิชยศาสตร์และการบัญชี,มหาบัณฑิต
326032,เทคโนโลยีสารสนเทศทางธุรกิจ,วิทยาศาสตรมหาบัณฑิต ( วท.ม. ),คณะพาณิชยศาสตร์และการบัญชี,มหาบัณฑิต
326035,การประกันภัย,วิทยาศาสตรมหาบัณฑิต ( วท.ม. ),คณะพาณิชยศาสตร์และการบัญชี,มหาบัณฑิต
326038,การพัฒนาซอฟแวร์ด้านธุรกิจ,วิทยาศาสตรมหาบัณฑิต ( วท.ม. ),คณะพาณิชยศาสตร์และการบัญชี,มหาบัณฑิต
326040,การเงิน,วิทยาศาสตรมหาบัณฑิต ( วท.ม. ),คณะพาณิชยศาสตร์และการบัญชี,มหาบัณฑิต
326041,วิศวกรรมการเงิน (หลักสูตรภาษาอังกฤษ),วิทยาศาสตรมหาบัณฑิต ( วท.ม. ),คณะพาณิชยศาสตร์และการบัญชี,มหาบัณฑิต
326051,การตลาด,วิทยาศาสตรมหาบัณฑิต ( วท.ม. ),คณะพาณิชยศาสตร์และการบัญชี,มหาบัณฑิต
327010,พื้นฐานการศึกษา,ครุศาสตรมหาบัณฑิต ( ค.ม. ),คณะครุศาสตร์,มหาบัณฑิต
327011,การศึกษาคณิตศาสตร์,ครุศาสตรมหาบัณฑิต ( ค.ม. ),คณะครุศาสตร์,มหาบัณฑิต
327012,การศึกษาวิทยาศาสตร์,ครุศาสตรมหาบัณฑิต ( ค.ม. ),คณะครุศาสตร์,มหาบัณฑิต
327013,การสอนภาษาไทย (หลักสูตรปรับปรุง พ.ศ.2558),ครุศาสตรมหาบัณฑิต ( ค.ม. ),คณะครุศาสตร์,มหาบัณฑิต
327014,การสอนภาษาอังกฤษเป็นภาษาต่างประเทศ,คุรศาสตรมหาบัณฑิต ( ค.ม. ),คณะครุศาสตร์,มหาบัณฑิต
327015,การสอนสังคมศึกษา (หลักสูตรปรับปรุง พ.ศ. 2557),ครุศาสตรมหาบัณฑิต ( ค.ม. ),คณะครุศาสตร์,มหาบัณฑิต
327016,นิเทศการศึกษาและพัฒนาหลักสูตร(หลักสูตรปรับปรุง พ.ศ.2558),ครุศาสตรมหาบัณฑิต ( ค.ม. ),คณะครุศาสตร์,มหาบัณฑิต
327017,พัฒนศึกษา (หลักสูตรปรับปรุง พ.ศ.2558),ครุศาสตรมหาบัณฑิต ( ค.ม. ),คณะครุศาสตร์,มหาบัณฑิต
327018,จิตวิทยาการศึกษา,ครุศาสตรมหาบัณฑิต ( ค.ม. ),คณะครุศาสตร์,มหาบัณฑิต
327021,การวัดและประเมินผลการศึกษา,ครุศาสตรมหาบัณฑิต ( ค.ม. ),คณะครุศาสตร์,มหาบัณฑิต
327022,วิธีวิทยาการวิจัยการศึกษา,ครุศาสตรมหาบัณฑิต ( ค.ม. ),คณะครุศาสตร์,มหาบัณฑิต
327023,สถิติการศึกษา (หลักสูตรปรับปรุง พ.ศ. 2557),ครุศาสตรมหาบัณฑิต ( ค.ม. ),คณะครุศาสตร์,มหาบัณฑิต
327031,ประถมศึกษา (หลักสูตรปรับปรุง พ.ศ. 2557),ครุศาสตรมหาบัณฑิต ( ค.ม. ),คณะครุศาสตร์,มหาบัณฑิต
327032,การศึกษาปฐมวัย,ครุศาสตรมหาบัณฑิต ( ค.ม. ),คณะครุศาสตร์,มหาบัณฑิต
327051,สุขศึกษาและพลศึกษา (หลักสูตรปรับปรุง พ.ศ. 2558),ครุศาสตรมหาบัณฑิต ( ค.ม. ),คณะครุศาสตร์,มหาบัณฑิต
327060,บริหารการศึกษา,ครุศาสตรมหาบัณฑิต ( ค.ม. ),คณะครุศาสตร์,มหาบัณฑิต
327080,เทคโนโลยีและสื่อสารการศึกษา,ครุศาสตรมหาบัณฑิต ( ค.ม. ),คณะครุศาสตร์,มหาบัณฑิต
327090,ศิลปศึกษา,ครุศาสตรมหาบัณฑิต ( ค.ม. ),คณะครุศาสตร์,มหาบัณฑิต
327100,อุดมศึกษา,ครุศาสตรมหาบัณฑิต ( ค.ม. ),คณะครุศาสตร์,มหาบัณฑิต
327110,การศึกษานอกระบบโรงเรียน,ครุศาสตรมหาบัณฑิต ( ค.ม. ),คณะครุศาสตร์,มหาบัณฑิต
327351,ดนตรีศึกษา (หลักสูตรปรับปรุง พ.ศ. 2558),ครุศาสตรมหาบัณฑิต ( ค.ม.) ),คณะครุศาสตร์,มหาบัณฑิต
327401,หลักสูตรและการสอน (หลักสูตรปรับปรุง พ.ศ. 2558),ครุศาสตรมหาบัณฑิต ( ค.ม. ),คณะครุศาสตร์,มหาบัณฑิต
328001,นิเทศศาสตร์,นิเทศศาสตรมหาบัณฑิต ( นศ.ม. ),คณะนิเทศศาสตร์,มหาบัณฑิต
328002,การจัดการการสื่อสารเชิงกลยุทธ์ (หลักสูตรนานาชาติ),นิเทศศาสตรมหาบัณฑิต ( นศ.ม. ),คณะนิเทศศาสตร์,มหาบัณฑิต
328010,วารสารสนเทศ,นิเทศศาสตรมหาบัณฑิต ( นศ.ม. ),คณะนิเทศศาสตร์,มหาบัณฑิต
328021,การสื่อสารมวลชน,นิเทศศาสตรมหาบัณฑิต ( นศ.ม. ),คณะนิเทศศาสตร์,มหาบัณฑิต
328030,นิเทศศาสตรพัฒนาการ,นิเทศศาสตรมหาบัณฑิต ( นศ.ม. ),คณะนิเทศศาสตร์,มหาบัณฑิต
328031,การโฆษณา,นิเทศศาสตรมหาบัณฑิต ( นศ.ม. ),คณะนิเทศศาสตร์,มหาบัณฑิต
328033,การประชาสัมพันธ์,นิเทศศาสตรมหาบัณฑิต ( นศ.ม. ),คณะนิเทศศาสตร์,มหาบัณฑิต
328040,วาทวิทยา,นิเทศศาสตรมหาบัณฑิต ( นศ.ม. ),คณะนิเทศศาสตร์,มหาบัณฑิต
328042,สื่อสารการแสดง,นิเทศศาสตรมหาบัณฑิต ( นศ.ม. ),คณะนิเทศศาสตร์,มหาบัณฑิต
328051,การภาพยนตร์,นิเทศศาสตรมหาบัณฑิต ( นศ.ม. ),คณะนิเทศศาสตร์,มหาบัณฑิต
329000,เศรษฐศาสตร์,เศรษฐศาสตรมหาบัณฑิต ( ศ.ม. ),คณะเศรษฐศาสตร์,มหาบัณฑิต
329001,เศรษฐศาสตร์สาธารณสุขและการจัดการบริการสุขภาพ (หลักสูตรนานาชาติ),วิทยาศาสตรมหาบัณฑิต ( วท.ม. ),คณะเศรษฐศาสตร์,มหาบัณฑิต
329003,เศรษฐศาสตร์และการเงินระหว่างประเทศ (หลักสูตรนานาชาติ),ศิลปศาสตรมหาบัณฑิต ( ศศ.ม. ),คณะเศรษฐศาสตร์,มหาบัณฑิต
329004,เศรษฐศาสตร์ธุรกิจและการจัดการ (หลักสูตรนานาชาติ),ศิลปศาสตรมหาบัณฑิต ( ศศ.ม. ),คณะเศรษฐศาสตร์,มหาบัณฑิต
329005,เศรษฐศาสตร์แรงงานและการจัดการทรัพยากรมนุษย์ (หลักสูตรนานาชาติ),ศิลปศาสตรมหาบัณฑิต ( ศศ.ม. ),คณะเศรษฐศาสตร์,มหาบัณฑิต
329006,เศรษฐศาสตร์การเมือง,ศิลปศาสตรมหาบัณฑิต ( ศศ.ม. ),คณะเศรษฐศาสตร์,มหาบัณฑิต
330000,เวชศาสตร์การกีฬา,วิทยาศาสตรมหาบัณฑิต ( วท.ม. ),คณะแพทยศาสตร์,มหาบัณฑิต
330001,วิทยาศาสตร์การแพทย์ (นานาชาติ),วิทยาศาสตรมหาบัณฑิต ( วท.ม. ),คณะแพทยศาสตร์,มหาบัณฑิต
330050,ชีวเคมีทางการแพทย์,วิทยาศาสตรมหาบัณฑิต ( วท.ม. ),คณะแพทยศาสตร์,มหาบัณฑิต
330070,สุขภาพจิต,วิทยาศาสตรมหาบัณฑิต ( วท.ม. ),คณะแพทยศาสตร์,มหาบัณฑิต
330080,ปรสิตวิทยาทางการแพทย์,วิทยาศาสตรมหาบัณฑิต ( วท.ม. ),คณะแพทยศาสตร์,มหาบัณฑิต
330110,ฉายาเวชศาสตร์,วิทยาศาสตรมหาบัณฑิต ( วท.ม. ),คณะแพทยศาสตร์,มหาบัณฑิต
330143,การวิจัยและการจัดการด้านสุขภาพ,วิทยาศาสตรมหาบัณฑิต ( วท.ม. ),คณะแพทยศาสตร์,มหาบัณฑิต
330201,อายุรศาสตร์,วิทยาศาสตรมหาบัณฑิต ( วท.ม. ),คณะแพทยศาสตร์,มหาบัณฑิต
330202,วิทยาศาสตร์การแพทย์,วิทยาศาสตรมหาบัณฑิต ( วท.ม. ),คณะแพทยศาสตร์,มหาบัณฑิต
330400,การพัฒนาสุขภาพ (หลักสูตรนานาชาติ),วิทยาศาสตรมหาบัณฑิต ( วท.ม. ),คณะแพทยศาสตร์,มหาบัณฑิต
331002,วิทยาศาสตร์ทางการสัตวแพทย์และเทคโนโลยี(นานาชาติ),วิทยาศาสตรมหาบัณฑิต ( วท.ม. ),คณะสัตวแพทยศาสตร์,มหาบัณฑิต
331012,ชีวศาสตร์ทางสัตวแพทย์,วิทยาศาสตรมหาบัณฑิต ( วท.ม. ),คณะสัตวแพทยศาสตร์,มหาบัณฑิต
331020,สรีรวิทยาการสัตว์,วิทยาศาสตรมหาบัณฑิต ( วท.ม. ),คณะสัตวแพทยศาสตร์,มหาบัณฑิต
331030,การปรับปรุงพันธุ์สัตว์,วิทยาศาสตรมหาบัณฑิต ( วท.ม. ),คณะสัตวแพทยศาสตร์,มหาบัณฑิต
331031,อาหารสัตว์,วิทยาศาสตรมหาบัณฑิต ( วท.ม. ),คณะสัตวแพทยศาสตร์,มหาบัณฑิต
331032,สัตวศาสตร์ประยุกต์,วิทยาศาสตรมหาบัณฑิต ( วท.ม. ),คณะสัตวแพทยศาสตร์,มหาบัณฑิต
331040,เภสัชวิทยาทางสัตวแพทยศาสตร์,วิทยาศาสตรมหาบัณฑิต ( วท.ม. ),คณะสัตวแพทยศาสตร์,มหาบัณฑิต
331050,พยาธิชีววิทยาทางสัตวแพทย์,วิทยาศาสตรมหาบัณฑิต ( วท.ม. ),คณะสัตวแพทยศาสตร์,มหาบัณฑิต
331060,ศัลยศาสตร์ทางสัตวแพทย์,วิทยาศาสตรมหาบัณฑิต ( วท.ม. ),คณะสัตวแพทยศาสตร์,มหาบัณฑิต
331073,อายุรศาสตร์สัตวแพทย์,วิทยาศาสตรมหาบัณฑิต ( วท.ม. ),คณะสัตวแพทยศาสตร์,มหาบัณฑิต
331081,วิทยาการสืบพันธุ์สัตว์,วิทยาศาสตรมหาบัณฑิต ( วท.ม. ),คณะสัตวแพทยศาสตร์,มหาบัณฑิต
331090,สัตวแพทยสาธารณสุข,วิทยาศาสตรมหาบัณฑิต ( วท.ม. ),คณะสัตวแพทยศาสตร์,มหาบัณฑิต
332001,ทันตกรรมบูรณะเพื่อความสวยงามและทันตกรรมรากเทียม(หลักสูตรนานาชาติ),วิทยาศาสตรมหาบัณฑิต ( วท.ม. ),คณะทันตแพทยศาสตร์,มหาบัณฑิต
332002,ทันตกรรมผู้สูงอายุและการดูแลผู้ป่วยพิเศษ (หลักสูตรนานาชาติ),หลักสูตรวิทยาศาสตรมหาบัณฑิต ( วท.ม. ),คณะทันตแพทยศาสตร์,มหาบัณฑิต
332061,ทันตกรรมจัดฟัน,วิทยาศาสตรมหาบัณฑิต ( วท.ม. ),คณะทันตแพทยศาสตร์,มหาบัณฑิต
332070,ทันตกรรมประดิษฐ์,วิทยาศาสตรมหาบัณฑิต ( วท.ม. ),คณะทันตแพทยศาสตร์,มหาบัณฑิต
332081,ทันตกรรมหัตถการ,วิทยาศาสตรมหาบัณฑิต ( วท.ม. ),คณะทันตแพทยศาสตร์,มหาบัณฑิต
332082,วิทยาเอ็นโดดอนต์,วิทยาศาสตรมหาบัณฑิต ( วท.ม. ),คณะทันตแพทยศาสตร์,มหาบัณฑิต
332091,รังสีวิทยาช่องปากและใบหน้า,วิทยาศาสตรมหาบัณฑิต ( วท.ม. ),คณะทันตแพทยศาสตร์,มหาบัณฑิต
332100,ศัลยศาสตร์ช่องปากและแม็กซิลโลเฟเชียล,วิทยาศาสตรมหาบัณฑิต ( วท.ม. ),คณะทันตแพทยศาสตร์,มหาบัณฑิต
332110,เวชศาสตร์ช่องปาก,วิทยาศาสตรมหาบัณฑิต ( วท.ม. ),คณะทันตแพทยศาสตร์,มหาบัณฑิต
332120,ทันตกรรมสำหรับเด็ก,วิทยาศาสตรมหาบัณฑิต ( วท.ม. ),คณะทันตแพทยศาสตร์,มหาบัณฑิต
332130,ชีววิทยาช่องปาก,วิทยาศาสตรมหาบัณฑิต ( วท.ม. ),คณะทันตแพทยศาสตร์,มหาบัณฑิต
332150,ปริทันตศาสตร์,วิทยาศาสตรมหาบัณฑิต ( วท.ม. ),คณะทันตแพทยศาสตร์,มหาบัณฑิต
332160,ทันตกรรมบดเคี้ยวและความเจ็บปวดช่องปากและใบหน้า,วิทยาศาสตรมหาบัณฑิต ( วท.ม. ),คณะทันตแพทยศาสตร์,มหาบัณฑิต
333000,เทคโนโลยีเภสัชกรรม (หลักสูตรนานาชาติ),วิทยาศาสตรมหาบัณฑิต ( วท.ม. ),คณะเภสัชศาสตร์,มหาบัณฑิต
333001,เภสัชศาสตร์สังคมและบริหาร (หลักสูตรนานาชาติ),วิทยาศาสตรมหาบัณฑิต ( วท.ม. ),คณะเภสัชศาสตร์,มหาบัณฑิต
333002,เภสัชศาสตร์และเทคโนโลยี,วิทยาศาสตรมหาบัณฑิต ( วท.ม. ),คณะเภสัชศาสตร์,มหาบัณฑิต
333010,เภสัชกรรม,เภสัชศาสตรมหาบัณฑิต ( ภ.ม. ),คณะเภสัชศาสตร์,มหาบัณฑิต
333011,เภสัชกรรมคลินิก,เภสัชศาสตรมหาบัณฑิต ( ภ.ม. ),คณะเภสัชศาสตร์,มหาบัณฑิต
333020,เภสัชอุตสาหกรรม,เภสัชศาสตรมหาบัณฑิต ( ภ.ม. ),คณะเภสัชศาสตร์,มหาบัณฑิต
333030,เภสัชเคมี,เภสัชศาสตรมหาบัณฑิต ( ภ.ม. ),คณะเภสัชศาสตร์,มหาบัณฑิต
333040,ชีวเวชเคมี,วิทยาศาสตรมหาบัณฑิต ( วท.ม. ),คณะเภสัชศาสตร์,มหาบัณฑิต
333050,อาหารเคมีและโภชนศาสตร์ทางการแพทย์,เภสัชศาสตรมหาบัณฑิต ( ภ.ม. ),คณะเภสัชศาสตร์,มหาบัณฑิต
333070,เภสัชเวท,เภสัชศาสตรมหาบัณฑิต ( ภ.ม. ),คณะเภสัชศาสตร์,มหาบัณฑิต
333080,จุลชีววิทยา,เภสัชศาสตรมหาบัณฑิต ( ภ.ม. ),คณะเภสัชศาสตร์,มหาบัณฑิต
333100,เภสัชวิทยาและพิษวิทยา,เภสัชศาสตรมหาบัณฑิต ( ภ.ม. ),คณะเภสัชศาสตร์,มหาบัณฑิต
333114,วิทยาศาสตร์เครื่องสำอาง,วิทยาศาสตรมหาบัณฑิต ( วท.ม. ),คณะเภสัชศาสตร์,มหาบัณฑิต
334000,นิติศาสตร์,นิติศาสตรมหาบัณฑิต ( น.ม. ),คณะนิติศาสตร์,มหาบัณฑิต
334001,กฎหมายเศรษฐกิจ,ศิลปศาสตรมหาบัณฑิต ( ศศ.ม. ),คณะนิติศาสตร์,มหาบัณฑิต
334002,กฎหมายธุรกิจ (หลักสูตรนานาชาติ),นิติศาสตรมหาบัณฑิต ( น.ม. ),คณะนิติศาสตร์,มหาบัณฑิต
334004,กฎหมายการเงินและภาษีอากร,นิติศาสตรมหาบัณฑิต ( น.ม. ),คณะนิติศาสตร์,มหาบัณฑิต
335010,ทัศนศิลป์,ศิลปกรรมศาสตรมหาบัณฑิต ( ศป.ม. ),คณะศิลปกรรมศาสตร์,มหาบัณฑิต
335020,นฤมิตศิลป์,ศิลปกรรมศาสตรมหาบัณฑิต ( ศป.ม. ),คณะศิลปกรรมศาสตร์,มหาบัณฑิต
335021,ดุริยางคศิลป์ตะวันตก,ศิลปกรรมศาสตรมหาบัณฑิต ( ศป.ม. ),คณะศิลปกรรมศาสตร์,มหาบัณฑิต
335030,ดุริยางค์ไทย,ศิลปศาสตรมหาบัณฑิต ( ศศ.ม. ),คณะศิลปกรรมศาสตร์,มหาบัณฑิต
335031,นาฏยศิลป์ไทย,ศิลปศาสตรมหาบัณฑิต ( ศศ.ม. ),คณะศิลปกรรมศาสตร์,มหาบัณฑิต
336001,การบริหารการพยาบาล,พยาบาลศาสตรมหาบัณฑิต ( พย.ม. ),คณะพยาบาลศาสตร์,มหาบัณฑิต
336003,การพยาบาลสุขภาพจิตและจิตเวช,พยาบาลศาสตรมหาบัณฑิต ( พย.ม. ),คณะพยาบาลศาสตร์,มหาบัณฑิต
336004,พยาบาลศาสตร์,พยาบาลศาสตรมหาบัณฑิต ( พย.ม. ),คณะพยาบาลศาสตร์,มหาบัณฑิต
336009,การพยาบาลเวชปฏิบัติชุมชน,พยาบาลศาสตรมหาบัณฑิต ( พย.ม. ),คณะพยาบาลศาสตร์,มหาบัณฑิต
337011,ชีวเคมีคลินิกและอณูทางการแพทย์,วิทยาศาสตรมหาบัณฑิต ( วท.ม. ),คณะสหเวชศาสตร์,มหาบัณฑิต
337021,วิทยาศาสตร์โลหิตวิทยาคลินิก,วิทยาศาสตรมหาบัณฑิต ( วท.ม. ),คณะสหเวชศาสตร์,มหาบัณฑิต
337031,อาหารและโภชนาการ (หลักสูตรนานาชาติ),วิทยาศาสตรมหาบัณฑิต ( วท.ม. ),คณะสหเวชศาสตร์,มหาบัณฑิต
337032,วิทยาศาสตร์ระดับโมเลกุลทางจุลชีววิทยาทางการแพทย์และวิทยาภูมิคุ้มกัน,วิทยาศาสตรมหาบัณฑิต 	 ( วท.ม.	 ),คณะสหเวชศาสตร์,มหาบัณฑิต
337041,กายภาพบำบัด,วิทยาศาสตรมหาบัณฑิต ( วท.ม. ),คณะสหเวชศาสตร์,มหาบัณฑิต
338001,จิตวิทยา,ศิลปศาสตรมหาบัณฑิต ( ศศ.ม. ),คณะจิตวิทยา,มหาบัณฑิต
338051,จิตวิทยาอุตสาหกรรมและองค์การ,ศิลปศาสตรมหาบัณฑิต ( ศศ.ม. ),คณะจิตวิทยา,มหาบัณฑิต
338061,จิตวิทยาประยุกต์,ศิลปศาสตรมหาบัณฑิต ( ศศ.ม. ),คณะจิตวิทยา,มหาบัณฑิต
339001,วิทยาศาสตร์การกีฬา,วิทยาศาสตรมหาบัณฑิต ( วท.ม. ),คณะวิทยาศาสตร์การกีฬา,มหาบัณฑิต
351000,ประชากรศาสตร์,ศิลปศาสตรมหาบัณฑิต ( ศศ.ม. ),,มหาบัณฑิต
351001,ประชากรศาสตร์,ศิลปศาสตรมหาบัณฑิต ( ศศ.ม. ),วิทยาลัยประชากรศาสตร์,มหาบัณฑิต
353001,วิทยาศาสตร์สาธารณสุข(หลักสูตรนานาชาติ),วิทยาศาสตรมหาบัณฑิต ( วท.ม. ),วิทยาลัยวิทยาศาสตร์สาธารณสุข,มหาบัณฑิต
363000,เทคโนโลยีปิโตรเคมี (หลักสูตรนานาชาติ),วิทยาศาสตรมหาบัณฑิต ( วท.ม. ),วิทยาลัยปิโตรเลียมและปิโตรเคมี,มหาบัณฑิต
363100,วิทยาศาสตร์พอลิเมอร์ (หลักสูตรนานาชาติ),วิทยาศาสตรมหาบัณฑิต ( วท.ม. ),วิทยาลัยปิโตรเลียมและปิโตรเคมี,มหาบัณฑิต
363200,เทคโนโลยีปิโตรเลียม (หลักสูตรนานาชาติ),วิทยาศาสตรมหาบัณฑิต ( วท.ม. ),วิทยาลัยปิโตรเลียมและปิโตรเคมี,มหาบัณฑิต
368000,สาธารณสุขศาสตร์,สาธารณสุขศาสตรมหาบัณฑิต ( ส.ม. ),วิทยาลัยวิทยาศาสตร์สาธารณสุข,มหาบัณฑิต
427100,การจัดการอุดมศึกษา (นานาชาติ),ประกาศนียบัตรบัณฑิตชั้นสูง ( ป.บัณฑิตชั้นสูง ),คณะครุศาสตร์,ประกาศนียบัตรบัณฑิตชั้นสูง
430001,โรคลมชัก,ประกาศนียบัตรบัณฑิตชั้นสูงทางวิทยาศาสตร์การแพทย์คลินิก ( ป.บัณฑิตชั้นสูง ),คณะแพทยศาสตร์,ประกาศนียบัตรบัณฑิตชั้นสูง
430020,กุมารเวชศาสตร์,ประกาศนียบัตรบัณฑิตชั้นสูงทางวิทยาศาสตร์การแพทย์คลินิก ( ป.บัณฑิตชั้นสูง ),คณะแพทยศาสตร์,ประกาศนียบัตรบัณฑิตชั้นสูง
430030,จักษุวิทยา,ประกาศนียบัตรบัณฑิตชั้นสูงทางวิทยาศาสตร์การแพทย์คลินิก ( ป.บัณฑิตชั้นสูง ),คณะแพทยศาสตร์,ประกาศนียบัตรบัณฑิตชั้นสูง
430061,นิติเวชศาสตร์,ประกาศนียบัตรบัณฑิตชั้นสูงทางวิทยาศาสตร์การแพทย์คลินิก ( ป. บัณฑิตชั้นสูงทางวิทยาศาสตร์การแพทย์คลินิก ),คณะแพทยศาสตร์,ประกาศนียบัตรบัณฑิตชั้นสูง
430071,จิตเวชศาสตร์,ประกาศนียบัตรบัณฑิตชั้นสูงทางวิทยาศาสตร์การแพทย์คลินิก ( ป. บัณฑิตชั้นสูงทางวิทยาศาสตร์การแพทย์คลินิก ),คณะแพทยศาสตร์,ประกาศนียบัตรบัณฑิตชั้นสูง
430072,จิตเวชศาสตร์เด็กและวัยรุ่นขั้นสูง,ประกาศนียบัตรบัณฑิตชั้นสูงทางวิทยาศาสตร์การแพทย์คลินิก ( ป. บัณฑิตชั้นสูงทางวิทยาศาสตร์การแพทย์คลินิก ),คณะแพทยศาสตร์,ประกาศนียบัตรบัณฑิตชั้นสูง
430090,พยาธิวิทยากายวิภาค,ประกาศนียบัตรบัณฑิตชั้นสูงทางวิทยาศาสตร์การแพทย์คลินิก ( ป.บัณฑิตชั้นสูง ),คณะแพทยศาสตร์,ประกาศนียบัตรบัณฑิตชั้นสูง
430110,รังสีวิทยา,ประกาศนียบัตรบัณฑิตชั้นสูงทางวิทยาศาสตร์การแพทย์คลินิก ( ป.บัณฑิตชั้นสูง ),คณะแพทยศาสตร์,ประกาศนียบัตรบัณฑิตชั้นสูง
430113,ฟิสิกส์การแพทย์,ประกาศนียบัตรบัณฑิตชั้นสูงทางวิทยาศาสตร์การแพทย์คลินิก ( ป.บัณฑิตชั้นสูงทางวิทยาศาสตร์การแพทย์คลินิก ),คณะแพทยศาสตร์,ประกาศนียบัตรบัณฑิตชั้นสูง
430121,วิสัญญีวิทยา,ประกาศนียบัตรบัณฑิตชั้นสูงทางวิทยาศาสตร์การแพทย์คลินิก ( ป. บัณฑิตชั้นสูงทางวิทยาศาสตร์การแพทย์คลินิก ),คณะแพทยศาสตร์,ประกาศนียบัตรบัณฑิตชั้นสูง
430131,พยาธิวิทยาคลินิก,ประกาศนียบัตรบัณฑิตชั้นสูงทางวิทยาศาสตร์การแพทย์คลินิก ( ป.บัณฑิตชั้นสูงทางวิทยาศาสตร์การแพทย์คลินิก ),คณะแพทยศาสตร์,ประกาศนียบัตรบัณฑิตชั้นสูง
430150,ศัลยศาสตร์ทั่วไป,ประกาศนียบัตรบัณฑิตชั้นสูงทางวิทยาศาสตร์การแพทย์คลินิก ( ป.บัณฑิตชั้นสูง ),คณะแพทยศาสตร์,ประกาศนียบัตรบัณฑิตชั้นสูง
430151,ประสาทศัลยศาสตร์,ประกาศนียบัตรบัณฑิตชั้นสูงทางวิทยาศาสตร์การแพทย์คลินิก ( ป.บัณฑิตชั้นสูง ),คณะแพทยศาสตร์,ประกาศนียบัตรบัณฑิตชั้นสูง
430152,ศัลยศาสตร์ยูโรวิทยา,ประกาศนียบัตรบัณฑิตชั้นสูงทางวิทยาศาสตร์การแพทย์คลินิก ( ป.บัณฑิตชั้นสูง ),คณะแพทยศาสตร์,ประกาศนียบัตรบัณฑิตชั้นสูง
430153,ศัลยศาสตร์ตกแต่ง,ประกาศนียบัตรบัณฑิตชั้นสูงทางวิทยาศาสตร์การแพทย์คลินิก ( ป.บัณฑิตชั้นสูง ),คณะแพทยศาสตร์,ประกาศนียบัตรบัณฑิตชั้นสูง
430154,ศัลยศาสตร์ทรวงอก,ประกาศนียบัตรบัณฑิตชั้นสูงทางวิทยาศาสตร์การแพทย์คลินิก ( ป.บัณฑิตชั้นสูง ),คณะแพทยศาสตร์,ประกาศนียบัตรบัณฑิตชั้นสูง
430155,กุมารศัลยศาสตร์,ประกาศนียบัตรบัณฑิตชั้นสูงทางวิทยาศาสตร์การแพทย์คลินิก ( ป.บัณฑิตชั้นสูง ),คณะแพทยศาสตร์,ประกาศนียบัตรบัณฑิตชั้นสูง
430156,ออร์โธปิดกส์,ประกาศนียบัตรบัณฑิตชั้นสูงทางวิทยาศาสตร์การแพทย์คลินิก ( ป.บัณฑิตชั้นสูง ),คณะแพทยศาสตร์,ประกาศนียบัตรบัณฑิตชั้นสูง
430157,ศัลยศาสตร์ลำไส้ใหญ่และทวารหนัก,ประกาศนียบัตรบัณฑิตชั้นสูงทางวิทยาศาสตร์การแพทย์คลินิก ( ป. บัณฑิตชั้นสูงทางวิทยาศาสตร์การแพทย์คลินิก ),คณะแพทยศาสตร์,ประกาศนียบัตรบัณฑิตชั้นสูง
430158,ศัลยศาสตร์,ประกาศนียบัตรบัณฑิตชั้นสูงทางวิทยาศาสตร์การแพทย์คลินิก ( ป. บัณฑิตชั้นสูงทางวิทยาศาสตร์การแพทย์คลินิก ),คณะแพทยศาสตร์,ประกาศนียบัตรบัณฑิตชั้นสูง
430181,สูติศาสตร์-นรีเวชวิทยา,ประกาศนียบัตรบัณฑิตชั้นสูงทางวิทยาศาสตร์การแพทย์คลินิก ( ป. บัณฑิตชั้นสูงทางวิทยาศาสตร์การแพทย์คลินิก ),คณะแพทยศาสตร์,ประกาศนียบัตรบัณฑิตชั้นสูง
430190,โสต นาสิก ลาริงซ์วิทยา,ประกาศนียบัตรบัณฑิตชั้นสูงทางวิทยาศาสตร์การแพทย์คลินิก ( ป.บัณฑิตชั้นสูง ),คณะแพทยศาสตร์,ประกาศนียบัตรบัณฑิตชั้นสูง
430200,อายุรศาสตร์ทั่วไป,ประกาศนียบัตรบัณฑิตชั้นสูงทางวิทยาศาสตร์การแพทย์คลินิก ( ป.บัณฑิตชั้นสูง ),คณะแพทยศาสตร์,ประกาศนียบัตรบัณฑิตชั้นสูง
430201,ตจวิทยา,ประกาศนียบัตรบัณฑิตชั้นสูงทางวิทยาศาสตร์การแพทย์คลินิก ( ป.บัณฑิตชั้นสูง ),คณะแพทยศาสตร์,ประกาศนียบัตรบัณฑิตชั้นสูง
430204,เวชศาสตร์ครอบครัว,ประกาศนียบตัรบัณฑิตชั้นสูงทางวิทยาศาสตร์การแพทย์คลินิก ( ป.บัณฑิตชั้นสูงทางวิทยาศาสตร์การแพทย์คลินิก ),คณะแพทยศาสตร์,ประกาศนียบัตรบัณฑิตชั้นสูง
430205,อายุรศาสตร์,ประกาศนียบัตรบัณฑิตชั้นสูงทางวิทยาศาสตร์การแพทย์คลินิก ( ป. บัณฑิตชั้นสูงทางวิทยาศาสตร์การแพทย์คลินิก ),คณะแพทยศาสตร์,ประกาศนียบัตรบัณฑิตชั้นสูง
430210,เวชศาสตร์ฟื้นฟู,ประกาศนียบัตรบัณฑิตชั้นสูงทางวิทยาศาสตร์การแพทย์คลินิก ( ป.บัณฑิตชั้นสูง ),คณะแพทยศาสตร์,ประกาศนียบัตรบัณฑิตชั้นสูง
432061,ทันตกรรมจัดฟัน,ประกาศนียบัตรบัณฑิตชั้นสูง ( ป.บัณฑิตชั้นสูง ),คณะทันตแพทยศาสตร์,ประกาศนียบัตรบัณฑิตชั้นสูง
432070,บูรณะช่องปากและใบหน้า,ประกาศนียบัตรบัณฑิตชั้นสูง ( ป.บัณฑิตขั้นสูง ),คณะทันตแพทยศาสตร์,ประกาศนียบัตรบัณฑิตชั้นสูง
432072,การฟื้นฟูสภาพฟันทั้งปาก,ประกาศนียบัตรบัณฑิตชั้นสูง ( ป.บัณฑิตชั้นสูง ),คณะทันตแพทยศาสตร์,ประกาศนียบัตรบัณฑิตชั้นสูง
432080,วิทยาเอ็นโดดอนต์,ประกาศนียบัตรบัณฑิตชั้นสูง ( ป.บัณฑิตชั้นสูง ),คณะทันตแพทยศาสตร์,ประกาศนียบัตรบัณฑิตชั้นสูง
432081,ทันตกรรมหัตถการ,ประกาศนียบัตรบัณฑิตชั้นสูง ( ป.บัณฑิตชั้นสูง ),คณะทันตแพทยศาสตร์,ประกาศนียบัตรบัณฑิตชั้นสูง
432101,ทันตกรรมประดิษฐ์,ประกาศนียบัตรบัณฑิตชั้นสูงทางวิทยาศาสตร์การแพทย์คลินิก ( ป. บัณฑิตชั้นสูงทางวิทยาศาสตร์การแพทย์คลินิก ),คณะทันตแพทยศาสตร์,ประกาศนียบัตรบัณฑิตชั้นสูง
432111,วิทยาการวินิจฉัยโรคช่องปาก,ประกาศนียบัตรบัณฑิตชั้นสูงทางวิทยาศาสตร์การแพทย์คลินิก ( ป.บัณฑิตชั้นสูงทางวิทยาศาสตร์การแพทย์คลินิก ),คณะทันตแพทยศาสตร์,ประกาศนียบัตรบัณฑิตชั้นสูง
432121,ทันตกรรมสำหรับเด็ก,ประกาศนียบัตรบัณฑิตชั้นสูง ( ป.บัณฑิตชั้นสูง ),คณะทันตแพทยศาสตร์,ประกาศนียบัตรบัณฑิตชั้นสูง
432150,ปริทันตวิทยา,ประกาศนียบัตรบัณฑิตขั้นสูง ( ป.บัณฑิตขั้นสูง ),คณะทันตแพทยศาสตร์,ประกาศนียบัตรบัณฑิตชั้นสูง
520031,ยุโรปศึกษา,ศิลปศาสตรดุษฎีบัณฑิต ( ศศ.ด. ),บัณฑิตวิทยาลัย,ดุษฎีบัณฑิต
520041,วิทยาศาสตร์สิ่งแวดล้อม,วิทยาศาสตรดุษฎีบัณฑิต ( วท.ด. ),บัณฑิตวิทยาลัย,ดุษฎีบัณฑิต
520050,จุลชีววิทยาทางการแพทย์,วิทยาศาสตรดุษฎีบัณฑิต ( วท.ด. ),บัณฑิตวิทยาลัย,ดุษฎีบัณฑิต
520060,เภสัชวิทยา,วิทยาศาสตรดุษฎีบัณฑิต ( วท.ด. ),บัณฑิตวิทยาลัย,ดุษฎีบัณฑิต
520070,สรีรวิทยา,วิทยาศาสตรดุษฎีบัณฑิต ( วท.ด. ),บัณฑิตวิทยาลัย,ดุษฎีบัณฑิต
520090,การจัดการสารอันตรายและสิ่งแวดล้อม (หลักสูตรนานาชาติ),วิทยาศาสตรดุษฎีบัณฑิต ( วท.ด. ),บัณฑิตวิทยาลัย,ดุษฎีบัณฑิต
520100,ภาษาอังกฤษเป็นภาษานานาชาติ (หลักสูตรนานาชาติ),ศิลปศาสตรดุษฎีบัณฑิต ( ศศ.ด. ),บัณฑิตวิทยาลัย,ดุษฎีบัณฑิต
520110,ชีวเวชศาสตร์,วิทยาศาสตรดุษฎีบัณฑิต ( วท.ด. ),บัณฑิตวิทยาลัย,ดุษฎีบัณฑิต
520171,ทันตชีววัสดุศาสตร์,วิทยาศาสตรดุษฎีบัณฑิต ( วท.ด. ),บัณฑิตวิทยาลัย,ดุษฎีบัณฑิต
520190,วิจัยเพื่อการพัฒนาสุขภาพ  (หลักสูตรนานาชาติ),วิทยาศาสตรดุษฎีบัณฑิต ( วท.ด. ),บัณฑิตวิทยาลัย,ดุษฎีบัณฑิต
520202,วิศวกรรมชีวเวช,วิทยาศาสตรดุษฎีบัณฑิต ( วท.ด. ),บัณฑิตวิทยาลัย,ดุษฎีบัณฑิต
520210,วิทยาศาสตร์นาโนและเทคโนโลยี(นานาชาติ),วิทยาศาสตรดุษฎีบัณฑิต ( วท.ด. ),บัณฑิตวิทยาลัย,ดุษฎีบัณฑิต
520221,ธุรกิจเทคโนโลยีและการจัดการนวัตกรรม,วิทยาศาสตรดุษฎีบัณฑิต ( วท.ด. ),บัณฑิตวิทยาลัย,ดุษฎีบัณฑิต
520231,สิ่งแวดล้อม  การพัฒนา  และความยั่งยืน,ศิลปศาสตรดุษฎีบัณฑิต ( ศศ.ด. ),บัณฑิตวิทยาลัย,ดุษฎีบัณฑิต
520281,ชีวสารสนเทศศาสตร์และชีววิทยาเชิงคอมพิวเตอร์,วิทยาศาสตรดุษฎีบัณฑิต ( วท.ด. ),บัณฑิตวิทยาลัย,ดุษฎีบัณฑิต
521001,วิศวกรรมชีวเวช,วิทยาศาสตรดุษฎีบัณฑิต ( วท.ด. ),คณะวิศวกรรมศาสตร์,ดุษฎีบัณฑิต
521010,วิศวกรรมโยธา (หลักสูตรนานาชาติ),วิศวกรรมดุษฎีบัณฑิต ( วศ.ด. ),คณะวิศวกรรมศาสตร์,ดุษฎีบัณฑิต
521020,วิศวกรรมไฟฟ้า (หลักสูตรปรับปรุง พ.ศ. 2558),วิศวกรรมดุษฎีบัณฑิต ( วศ.ด. ),คณะวิศวกรรมศาสตร์,ดุษฎีบัณฑิต
521030,วิศวกรรมเครื่องกล,วิศวกรรมศาสตรดุษฎีบัณฑิต ( วศ.ด. ),คณะวิศวกรรมศาสตร์,ดุษฎีบัณฑิต
521040,วิศวกรรมอุตสาหการ,วิศวกรรมดุษฎีบัณฑิต ( วศ.ด. ),คณะวิศวกรรมศาสตร์,ดุษฎีบัณฑิต
521050,วิศวกรรมเคมี,วิศวกรรมศาสตรดุษฎีบัณฑิต ( วศ.ด. ),คณะวิศวกรรมศาสตร์,ดุษฎีบัณฑิต
521070,วิศวกรรมสิ่งแวดล้อม (หลักสูตรปรับปรุง พ.ศ.2558),วิศวกรรมศาสตรดุษฎีบัณฑิต ( วศ.ด. ),คณะวิศวกรรมศาสตร์,ดุษฎีบัณฑิต
521081,วิศวกรรมสำรวจ,วิศวกรรมศาสตรดุษฎีบัณฑิต ( วศ.ด. ),คณะวิศวกรรมศาสตร์,ดุษฎีบัณฑิต
521090,วิศวกรรมโลหการและวัสดุ (หลักสูตรปรับปรุง  พ.ศ. 2558),วิศวกรรมศาสตรดุษฎีบัณฑิต ( วศ.ด. ),คณะวิศวกรรมศาสตร์,ดุษฎีบัณฑิต
521100,วิศวกรรมคอมพิวเตอร์ (หลักสูตรปรับปรุง  พ.ศ.2558),วิศวกรรมศาสตรดุษฎีบัณฑิต ( วศ.ด. ),คณะวิศวกรรมศาสตร์,ดุษฎีบัณฑิต
521110,วิศวกรรมนิวเคลียร์,วิศวกรรมศาสตรดุษฎีบัณฑิต ( วศ.ด. ),คณะวิศวกรรมศาสตร์,ดุษฎีบัณฑิต
521120,วิศวกรรมแหล่งน้ำ,วิศวกรรมศาสตรดุษฎีบัณฑิต ( วศ.ด. ),คณะวิศวกรรมศาสตร์,ดุษฎีบัณฑิต
522011,ภาษาไทย,อักษรศาสตรดุษฎีบัณฑิต ( อ.ด. ),คณะอักษรศาสตร์,ดุษฎีบัณฑิต
522012,ไทยศึกษา(หลักสูตรนานาชาติ),อักษรศาสตรดุษฎีบัณฑิต ( อ.ด. ),คณะอักษรศาสตร์,ดุษฎีบัณฑิต
522040,ประวัติศาสตร์,อักษรศาสตรดุษฎีบัณฑิต ( อ.ด. ),คณะอักษรศาสตร์,ดุษฎีบัณฑิต
522070,ปรัชญา,อักษรศาสตรดุษฎีบัณฑิต ( อ.ด. ),คณะอักษรศาสตร์,ดุษฎีบัณฑิต
522090,ภาษาศาสตร์,อักษรศาสตรดุษฎีบัณฑิต ( อ.ด. ),คณะอักษรศาสตร์,ดุษฎีบัณฑิต
522201,ภาษาจีน,อักษรศาสตรดุษฎีบัณฑิต ( อ.ด. ),คณะอักษรศาสตร์,ดุษฎีบัณฑิต
522207,ภาษาบาลี-สันสกฤต และพุทธศาสน์ศึกษา,อักษรศาสตรดุษฎีบัณฑิต ( อ.ด. ),คณะอักษรศาสตร์,ดุษฎีบัณฑิต
522208,วัฒนธรรมและวรรณคดีญี่ปุ่น,อักษรศาสตรดุษฎีบัณฑิต ( อ.ด. ),คณะอักษรศาสตร์,ดุษฎีบัณฑิต
522300,ภาษาและวรรณคดีฝรั่งเศส,อักษรศาสตรดุษฎีบัณฑิต ( อ.ด. ),คณะอักษรศาสตร์,ดุษฎีบัณฑิต
522301,ภาษาเยอรมัน,อักษรศาสตรดุษฎีบัณฑิต ( อ.ด. ),คณะอักษรศาสตร์,ดุษฎีบัณฑิต
522431,วรรณคดีและวรรณคดีเปรียบเทียบ,อักษรศาสตรดุษฎีบัณฑิต ( อ.ด. ),คณะอักษรศาสตร์,ดุษฎีบัณฑิต
523010,คณิตศาสตร์,วิทยาศาสตรดุษฎีบัณฑิต ( วท.ด. ),คณะวิทยาศาสตร์,ดุษฎีบัณฑิต
523011,วิทยาการคอมพิวเตอร์และเทคโนโลยีสารสนเทศ (หลักสูตรภาษาอังกฤษ),วิทยาศาสตรดุษฎีบัณฑิต ( วท.ด. ),คณะวิทยาศาสตร์,ดุษฎีบัณฑิต
523021,เคมี,วิทยาศาสตรดุษฎีบัณฑิต ( วท.ด. ),คณะวิทยาศาสตร์,ดุษฎีบัณฑิต
523030,ปิโตรเคมี,วิทยาศาสตรดุษฎีบัณฑิต ( วท.ด. ),คณะวิทยาศาสตร์,ดุษฎีบัณฑิต
523031,คณิตศาสตร์ประยุกต์และวิทยาการคณนา,วิทยาศาสตรดุษฎีบัณฑิต ( วท.ด. ),คณะวิทยาศาสตร์,ดุษฎีบัณฑิต
523033,สัตววิทยา,วิทยาศาสตรดุษฎีบัณฑิต ( วท.ด. ),คณะวิทยาศาสตร์,ดุษฎีบัณฑิต
523040,ฟิสิกส์,วิทยาศาสตรดุษฎีบัณฑิต ( วท.ด. ),คณะวิทยาศาสตร์,ดุษฎีบัณฑิต
523051,พฤกษศาสตร์,วิทยาศาสตรดุษฏีบัณฑิต ( วท.ด. ),คณะวิทยาศาสตร์,ดุษฎีบัณฑิต
523060,เคมีเทคนิค,วิทยาศาสตรดุษฎีบัณฑิต ( วท.ด. ),คณะวิทยาศาสตร์,ดุษฎีบัณฑิต
523070,ธรณีวิทยา,วิทยาศาสตรดุษฎีบัณฑิต ( วท.ด. ),คณะวิทยาศาสตร์,ดุษฎีบัณฑิต
523090,วิทยาศาสตร์ทางทะเล,วิทยาศาสตรดุษฎีบัณฑิต ( วท.ด. ),คณะวิทยาศาสตร์,ดุษฎีบัณฑิต
523100,ชีวเคมีและชีววิทยาโมเลกุล,วิทยาศาสตรดุษฎีบัณฑิต ( วท.ด. ),คณะวิทยาศาสตร์,ดุษฎีบัณฑิต
523101,วิทยาศาสตร์ชีวภาพ,วิทยาศาสตรดุษฎีบัณฑิต ( วท.ด. ),คณะวิทยาศาสตร์,ดุษฎีบัณฑิต
523110,วัสดุศาสตร์,วิทยาศาสตรดุษฎีบัณฑิต ( วท.ด. ),คณะวิทยาศาสตร์,ดุษฎีบัณฑิต
523120,จุลชีววิทยาและเทคโนโลยีจุลินทรีย์,วิทยาศาสตรดุษฎีบัณฑิต ( วท.ด. ),คณะวิทยาศาสตร์,ดุษฎีบัณฑิต
523131,เทคโนโลยีทางภาพ,วิทยาศาสตรดุษฎีบัณฑิต ( วท.ด. ),คณะวิทยาศาสตร์,ดุษฎีบัณฑิต
523140,เทคโนโลยีทางอาหาร,วิทยาศาสตรดุษฎีบัณฑิต ( วท.ด. ),คณะวิทยาศาสตร์,ดุษฎีบัณฑิต
523410,เทคโนโลยีชีวภาพ,วิทยาศาสตรดุษฎีบัณฑิต ( วท.ด. ),คณะวิทยาศาสตร์,ดุษฎีบัณฑิต
523430,เทคโนโลยีการเกษตร,วิทยาศาสตรดุษฎีบัณฑิต ( วท.ด. ),คณะวิทยาศาสตร์,ดุษฎีบัณฑิต
523450,วิทยาศาสตร์มหโมเลกุล,วิทยาศาสตรดุษฎีบัณฑิต ( วท.ด. ),คณะวิทยาศาสตร์,ดุษฎีบัณฑิต
524010,รัฐศาสตร์,รัฐศาสตรดุษฎีบัณฑิต ( ร.ด. ),คณะรัฐศาสตร์,ดุษฎีบัณฑิต
524031,สังคมวิทยาและมานุษยวิทยา,ศิลปศาสตรดุษฎีบัณฑิต ( ศศ.ด. ),คณะรัฐศาสตร์,ดุษฎีบัณฑิต
524032,อาชญาวิทยาและงานยุติธรรม,ศิลปศาสตรดุษฎีบัณฑิต ( ศศ.ด. ),คณะรัฐศาสตร์,ดุษฎีบัณฑิต
524401,การพัฒนาระหว่างประเทศ (หลักสูตรนานาชาติ),ศิลปศาสตรดุษฎีบัณฑิต ( ศศ.ด. ),คณะรัฐศาสตร์,ดุษฎีบัณฑิต
525010,สถาปัตยกรรม,สถาปัตยกรรมศาสตรดุษฎีบัณฑิต ( สถ.ด. ),คณะสถาปัตยกรรมศาสตร์,ดุษฎีบัณฑิต
525030,การวางแผนภาคและเมือง,การวางแผนภาคและเมืองดุษฎีบัณฑิต ( ผ.ด. ),คณะสถาปัตยกรรมศาสตร์,ดุษฎีบัณฑิต
526010,การบัญชี,ศิลปศาสตรดุษฎีบัณฑิต ( บช.ด. ),คณะพาณิชยศาสตร์และการบัญชี,ดุษฎีบัณฑิต
526020,บริหารธุรกิจ,บริหารธุรกิจดุษฎีบัณฑิต ( บธ.ด. ),คณะพาณิชยศาสตร์และการบัญชี,ดุษฎีบัณฑิต
526032,เทคโนโลยีสารสนเทศทางธุรกิจ,วิทยาศาสตรดุษฎีบัณฑิต ( วท.ด. ),คณะพาณิชยศาสตร์และการบัญชี,ดุษฎีบัณฑิต
526041,การเงินเชิงปริมาณ (หลักสูตรภาษาอังกฤษ),วิทยาศาสตรดุษฎีบัณฑิต ( วท.ด. ),คณะพาณิชยศาสตร์และการบัญชี,ดุษฎีบัณฑิต
527011,หลักสูตรและการสอน (หลักสูตรปรับปรุง พ.ศ. 2557),ครุศาสตรดุษฎีบัณฑิต ( ค.ด. ),คณะครุศาสตร์,ดุษฎีบัณฑิต
527012,พัฒนศึกษา (หลักสูตรปรับปรุง พ.ศ.2558),ครุศาสตรดุษฎีบัณฑิต ( ค.ด. ),คณะครุศาสตร์,ดุษฎีบัณฑิต
527020,การวัดและประเมินผลการศึกษา,ครุศาสตรดุษฎีบัณฑิต ( ด.ค. ),คณะครุศาสตร์,ดุษฎีบัณฑิต
527021,วิธีวิทยาการวิจัยการศึกษา,ครุศาสตรดุษฎีบัณฑิต ( ค.ด. ),คณะครุศาสตร์,ดุษฎีบัณฑิต
527030,การศึกษาปฐมวัย,ครุศาสตรดุษฎีบัณฑิต ( ค.ด. ),คณะครุศาสตร์,ดุษฎีบัณฑิต
527050,พลศึกษา,ครุศาสตรดุษฎีบัณฑิต ( ค.ด. ),คณะครุศาสตร์,ดุษฎีบัณฑิต
527060,บริหารการศึกษา (หลักสูตรปรับปรุง พ.ศ. 2558),ครุศาสตรดุษฎีบัณฑิต ( ค.ด. ),คณะครุศาสตร์,ดุษฎีบัณฑิต
527080,เทคโนโลยีและการสื่อสารการศึกษา,ครุศาสตรดุษฎีบัณฑิต ( ค.ด. ),คณะครุศาสตร์,ดุษฎีบัณฑิต
527100,อุดมศึกษา,ครุศาสตรดุษฎีบัณฑิต ( ค.ด. ),คณะครุศาสตร์,ดุษฎีบัณฑิต
527110,การศึกษานอกระบบโรงเรียน,ครุศาสตรดุษฎีบัณฑิต ( ค.ด. ),คณะครุศาสตร์,ดุษฎีบัณฑิต
527352,ศิลปศึกษา,ครุศาสตรดุษฎีบัณฑิต ( ค.ด. ),คณะครุศาสตร์,ดุษฎีบัณฑิต
527410,จิตวิทยาการศึกษา,ครุศาสตรดุษฎีบัณฑิต ( ค.ด. ),คณะครุศาสตร์,ดุษฎีบัณฑิต
528000,นิเทศศาสตร์,นิเทศศาสตรดุษฎีบัณฑิต ( นศ.ด. ),คณะนิเทศศาสตร์,ดุษฎีบัณฑิต
529000,เศรษฐศาสตร์ (หลักสูตรนานาชาติ),เศรษฐศาสตรดุษฎีบัณฑิต ( ศ.ด. ),คณะเศรษฐศาสตร์,ดุษฎีบัณฑิต
530001,วิทยาศาสตร์การแพทย์,วิทยาศาสตรดุษฎีบัณฑิต ( วท.ด. ),คณะแพทยศาสตร์,ดุษฎีบัณฑิต
530002,ชีวเวชศาสตร์และชีวเทคโนโลยี (นานาชาติ),วิทยาศาสตรดุษฎีบัณฑิต ( วท.ด. ),คณะแพทยศาสตร์,ดุษฎีบัณฑิต
530003,วิทยาศาสตร์การแพทย์ (หลักสูตรนานาชาติ),วิทยาศาสตรดุษฎีบัณฑิต ( วท.ด. ),คณะแพทยศาสตร์,ดุษฎีบัณฑิต
530051,ชีวเคมีทางการแพทย์,วิทยาศาสตรดุษฎีบัณฑิต ( วท.ด. ),คณะแพทยศาสตร์,ดุษฎีบัณฑิต
530141,เวชศาสตร์ชุมชน,วิทยาศาสตรดุษฎีบัณฑิต ( วท.ด. ),คณะแพทยศาสตร์,ดุษฎีบัณฑิต
530200,อายุรศาสตร์,วิทยาศาสตรดุษฎีบัณฑิต ( วท.ด. ),คณะแพทยศาสตร์,ดุษฎีบัณฑิต
530412,การวิจัยและการจัดการด้านสุขภาพ,วิทยาศาสตรดุษฎีบัณฑิต ( วท.ด. ),คณะแพทยศาสตร์,ดุษฎีบัณฑิต
531002,วิทยาศาสตร์ทางการสัตวแพทย์และเทคโนโลยี (หลักสูตรนานาชาติ),วิทยาศาสตรดุษฎีบัณฑิต ( วท.ด. ),คณะสัตวแพทยศาสตร์,ดุษฎีบัณฑิต
531012,ชีวศาสตร์ทางสัตวแพทย์,วิทยาศาสตรดุษฎีบัณฑิต ( วท.ด. ),คณะสัตวแพทยศาสตร์,ดุษฎีบัณฑิต
531021,สรีรวิทยาการสัตว์,วิทยาศาสตรดุษฎีบัณฑิต ( วท.ด. ),คณะสัตวแพทยศาสตร์,ดุษฎีบัณฑิต
531032,สัตวศาสตร์ประยุกต์,วิทยาศาสตรดุษฎีบัณฑิต ( วท.ด. ),คณะสัตวแพทยศาสตร์,ดุษฎีบัณฑิต
531051,พยาธิชีววิทยาทางสัตวแพทย์,วิทยาศาสตรดุษฎีบัณฑิต ( วท.ด. ),คณะสัตวแพทยศาสตร์,ดุษฎีบัณฑิต
531071,อายุรศาสตร์สัตวแพทย์,วิทยาศาสตรดุษฎีบัณฑิต ( วท.ด. ),คณะสัตวแพทยศาสตร์,ดุษฎีบัณฑิต
531080,วิทยาการสืบพันธุ์สัตว์,วิทยาศาสตรดุษฎีบัณฑิต ( วท.ด. ),คณะสัตวแพทยศาสตร์,ดุษฎีบัณฑิต
531091,สัตวแพทยสาธารณสุข,วิทยาศาสตรดุษฎีบัณฑิต ( วท.ด. ),คณะสัตวแพทยศาสตร์,ดุษฎีบัณฑิต
532061,ทันตกรรมจัดฟัน (หลักสูตรนานาชาติ),วิทยาศาสตรดุษฎีบัณฑิต ( วท.ด. ),คณะทันตแพทยศาสตร์,ดุษฎีบัณฑิต
532071,ทันตกรรมประดิษฐ์,วิทยาศาสตรดุษฎีบัณฑิต ( วท.ด. ),คณะทันตแพทยศาสตร์,ดุษฎีบัณฑิต
532130,ชีววิทยาช่องปาก,วิทยาศาสตรดุษฎีบัณฑิต ( วท.ด. ),คณะทันตแพทยศาสตร์,ดุษฎีบัณฑิต
532141,ทันตสาธารณสุข  (หลักสูตรนานาชาติ),วิทยาศาสตรดุษฎีบัณฑิต ( วท.ด. ),คณะทันตแพทยศาสตร์,ดุษฎีบัณฑิต
533040,ชีวเวชเคมี,วิทยาศาสตรดุษฎีบัณฑิต ( วท.ด. ),คณะเภสัชศาสตร์,ดุษฎีบัณฑิต
533070,เภสัชเวท,วิทยาศาสตรดุษฎีบัณฑิต ( วท.ด. ),คณะเภสัชศาสตร์,ดุษฎีบัณฑิต
533171,เภสัชวิทยาและพิษวิทยา,เภสัชศาสตรดุษฎีบัณฑิต ( ภ.ด. ),คณะเภสัชศาสตร์,ดุษฎีบัณฑิต
533400,เภสัชกรรม,เภสัชศาสตรดุษฎีบัณฑิต ( ภ.ด. ),คณะเภสัชศาสตร์,ดุษฎีบัณฑิต
533410,เภสัชเคมีและผลิตภัณฑ์ธรรมชาติ,วิทยาศาสตรดุษฎีบัณฑิต ( วท.ด. ),คณะเภสัชศาสตร์,ดุษฎีบัณฑิต
533420,เภสัชศาสตร์และเทคโนโลยี,วิทยาศาสตรดุษฎีบัณฑิต ( วท.ด. ),คณะเภสัชศาสตร์,ดุษฎีบัณฑิต
533430,เภสัชศาสตร์สังคมและบริหาร (หลักสูตรนานาชาติ),วิทยาศาสตรดุษฎีบัณฑิต ( วท.ด. ),คณะเภสัชศาสตร์,ดุษฎีบัณฑิต
533440,เทคโนโลยีเภสัชกรรม (หลักสูตรนานาชาติ),วิทยาศาสตรดุษฎีบัณฑิต ( วท.ด. ),คณะเภสัชศาสตร์,ดุษฎีบัณฑิต
533471,การบริบาลทางเภสัชกรรม(หลักสูตรนานาชาติ),เภสัชศาสตรดุษฎีบัณฑิต ( ภ.ด. ),คณะเภสัชศาสตร์,ดุษฎีบัณฑิต
534000,นิติศาสตร์,นิติศาสตรดุษฎีบัณฑิต ( น.ด. ),คณะนิติศาสตร์,ดุษฎีบัณฑิต
5350001,--,ศิลปศาสตรดุษฎีบัณฑิต ( ศป.ด. ),คณะศิลปกรรมศาสตร์,ดุษฎีบัณฑิต
535040,นาฏศิลป์ไทย,ศิลปศาสตรดุษฎีบัณฑิต ( ศศ.ด. ),คณะศิลปกรรมศาสตร์,ดุษฎีบัณฑิต
536001,พยาบาลศาสตร์ (หลักสูตรนานาชาติ),พยาบาลดุษฎีบัณฑิต ( พย.ด. ),คณะพยาบาลศาสตร์,ดุษฎีบัณฑิต
537001,ชีวเคมีคลินิกและอณูทางการแพทย์,วิทยาศาสตรดุษฎีบัณฑิต ( วท.ด. ),คณะสหเวชศาสตร์,ดุษฎีบัณฑิต
537031,อาหารและโภชนาการ (หลักสูตรนานาชาติ),วิทยาศาสตรดุษฎีบัณฑิต ( วท.ด. ),คณะสหเวชศาสตร์,ดุษฎีบัณฑิต
537041,กายภาพบำบัด,วิทยาศาสตรดุษฏีบัณฑิต ( วท.ด. ),คณะสหเวชศาสตร์,ดุษฎีบัณฑิต
538001,จิตวิทยา,ศิลปศาสตรดุษฎีบัณฑิต ( ศศ.ด. ),คณะจิตวิทยา,ดุษฎีบัณฑิต
539001,วิทยาศาสตร์การกีฬา,วิทยาศาสตรดุษฎีบัณฑิต ( วท.ด. ),คณะวิทยาศาสตร์การกีฬา,ดุษฎีบัณฑิต
551000,ประชากรศาสตร์,ศิลปศาสตรดุษฎีบัณฑิต ( ศศ.ด. ),,ดุษฎีบัณฑิต
551001,ประชากรศาสตร์,ศิลปศาสตรดุษฎีบัณฑิต ( ศศ.ด. ),วิทยาลัยประชากรศาสตร์,ดุษฎีบัณฑิต
553001,วิทยาศาสตร์สาธารณสุข (หลักสูตรนานาชาติ),วิทยาศาสตรดุษฎีบัณฑิต ( วท.ด ),วิทยาลัยวิทยาศาสตร์สาธารณสุข,ดุษฎีบัณฑิต
563000,เทคโนโลยีปิโตรเคมี (หลักสูตรนานาชาติ),วิทยาศาสตรดุษฎีบัณฑิต ( วท.ด. ),วิทยาลัยปิโตรเลียมและปิโตรเคมี,ดุษฎีบัณฑิต
563001,วิทยาศาสตร์พอลิเมอร์ (หลักสูตรนานาชาติ),วิทยาศาสตรดุษฎีบัณฑิต ( วท.ด. ),วิทยาลัยปิโตรเลียมและปิโตรเคมี,ดุษฎีบัณฑิต
